nome,cpf,idade,data,endereco,estado
Ana Laura Da Rosa,85764605084,96.0,02/04/2046,"núcleo maysa pires, 251 monte azul 72867120 moura / rs",PR
Maria Alice Gomes,80280100867,102.0,16/10/1922,"distrito de cardoso, 2 vista alegre 53405-943 monteiro / mg",GO
Otávio Da Costa,33311598112,96.0,28/09/2042,"recanto danilo silveira, 22 biquinhas 18966541 vieira das pedras / go",MT
Larissa Da Luz,23802732517,96.0,19/07/2039,"sítio de martins, 53 heliopolis 88196-275 jesus das flores / sc",MS
Srta. Daniela Campos,79658182136,96.0,12/07/2026,"lagoa de aragão, 78 lindéia 14750928 caldeira de porto / rj",RS
Clarice Gomes,30967713646,96.0,08/05/2039,"sítio luiz gustavo martins, 1 vila são rafael 67136-358 rezende do sul / ac",MT
Cauã Gonçalves,42828264846,96.0,08/03/1900,"ladeira andré fogaça, 5 inconfidência 38376533 da cruz / ma",RS
Camila Barbosa,67119044189,96.0,27/01/2027,recanto isis barros padre eustáquio 15086239 dias de da rosa / rr,TO
João Miguel Nunes,46852405512,96.0,01/05/2035,"feira de teixeira, 32 novo santa cecilia 84579-242 campos de da luz / se",AM
Marcelo Santos,57192737605,96.0,01/04/2050,"morro sophia da luz, 62 guaratã 28758-441 da cunha verde / rn",PR
Alexia Nascimento,20131157007,96.0,17/04/2028,"jardim de pereira, 68 barroca 49187577 fernandes de da rosa / rr",MT
Lorena Pereira,52097587805,98.0,05/08/1926,"chácara pereira, 733 álvaro camargos 88628-830 lopes / al",GO
Dra. Ana Carolina Fogaça,17980915542,96.0,19/06/2029,"trecho de santos, 6 cônego pinheiro 1ª seção 48724820 cunha / df",MT
Dr. Luiz Miguel Moraes,14063724747,96.0,,,SC
Brenda Gonçalves,42565232660,96.0,17/02/2033,"área nascimento, 96 mangabeiras 32185-085 caldeira / sp",AC
Mirella Pereira,32220003094,84.0,26/05/1940,lagoa gomes vila jardim são josé 42895980 lopes / rs,CE
Maria Luiza Novaes,79835167959,96.0,,,AM
Juliana Oliveira,70832824175,96.0,13/09/2044,"trecho da cruz, 73 minas caixa 79027698 nogueira / al",RO
Manuela Mendes,87829299837,96.0,,,AM
Alexandre Cardoso,30580844390,100.0,12/08/1924,"travessa da paz, 66 santo andré 80622-465 cardoso / go",RS
Catarina Barros,80924355486,96.0,19/04/2045,"núcleo da rocha, 1 carmo 31891368 castro / ce",DF
Daniela Rodrigues,74967125555,96.0,24/03/2033,"área de lima, 52 diamante 37357563 silveira do sul / ap",RS
Sr. Luiz Fernando Souza,85494126362,96.0,08/01/2030,"fazenda de oliveira, 66 califórnia 82377615 da conceição do oeste / ac",GO
Thiago Melo,44259620615,96.0,01/10/2039,"alameda almeida, 563 vila maria 50053960 farias / rr",RS
Mirella Moura,89332322146,109.0,08/09/1915,"viela de da mata, 35 graça 73356-234 costa do sul / to",MS
Yasmin Vieira,79139287708,96.0,10/08/1901,"rua ana carolina nunes, 4 santa monica 49862120 moraes de mendes / pb",GO
Gustavo Santos,47850869245,96.0,12/05/2038,"loteamento nicole da conceição, 10 pantanal 68802-243 jesus dos dourados / ap",MG
Henrique Martins,69750797033,96.0,17/08/2030,"recanto yago oliveira, 59 aarão reis 84045633 porto / sc",MT
Maria Sophia Souza,49798721907,96.0,,,SE
Yasmin Da Mata,29864555103,91.0,11/10/1933,"praça teixeira, 80 alto das antenas 65257-074 viana / sp",SE
Natália Rocha,51125499561,105.0,23/08/1919,"praça renan pires, 2 são gabriel 98091-470 pires grande / ce",RO
Davi Lucca Rezende,29048127076,96.0,22/10/2039,"morro ana júlia nunes, 63 bom jesus 33735490 araújo dos dourados / rj",RO
Cauê Gonçalves,96019979426,96.0,23/04/2039,"passarela thiago almeida, 97 gutierrez 45863-740 rezende / sp",RR
Brenda Carvalho,27505540277,95.0,19/07/1929,vila de pinto nossa senhora da aparecida 44569-021 melo / rn,PR
Srta. Marina Monteiro,52066928896,96.0,10/11/2043,"quadra de santos, 97 castelo 93344-180 silva / rr",AP
Nicolas Santos,68795214974,99.0,02/08/1925,"colônia ramos, 54 vila atila de paiva 59208-181 oliveira / ap",SC
Gabriela Da Cunha,94994533833,86.0,03/04/1939,"distrito de rezende, 4 lagoinha leblon 08816-064 viana / se",TO
Rebeca Teixeira,78905426863,96.0,21/09/2037,"trecho de ferreira, 755 jardim guanabara 70065-500 lima de almeida / mg",RN
Erick Fogaça,12955942066,96.0,28/07/2040,avenida de moura marieta 1ª seção 30531337 da rocha de fogaça / pe,SC
Maria Alice Lopes,49190308181,96.0,06/11/2025,"pátio joão vitor pires, 42 ipe 63397693 da conceição alegre / es",PA
Caio Monteiro,40974302568,110.0,13/12/1914,"trevo da cruz, 98 santa monica 89955860 ramos dos dourados / ro",CE
Renan Moreira,57668787561,86.0,20/04/1939,"morro da luz, 97 petropolis 73971084 lima / se",PR
Maria Luiza Pinto,78889915428,77.0,11/01/1948,viaduto ana vitória nunes jaqueline 79446-546 lopes / sc,PE
Thiago Da Cruz,74561975256,96.0,21/07/2036,"lagoa levi moura, 5 gameleira 80301420 pinto / sp",SC
Miguel Monteiro,68099738957,106.0,11/07/1918,"jardim sofia fogaça, 681 milionario 19616165 costa do norte / pe",PB
Sra. Pietra Fogaça,90296134120,96.0,,,GO
Rafael Novaes,16033071703,96.0,04/09/2044,"rua de da mota, 76 santa margarida 20216-797 almeida do campo / sp",AP
Luiz Otávio Campos,19126904596,96.0,09/10/2025,"largo de mendes, 64 vila califórnia 58385-065 da cruz das flores / pb",PI
Sra. Clara Alves,65463247059,96.0,,,AC
Carlos Eduardo Rezende,87386047932,96.0,19/08/2034,vila cavalcanti são jorge 2ª seção 69290-299 campos de da costa / to,DF
Maria Alice Carvalho,29893069221,96.0,09/03/2026,pátio de novaes vila oeste 14331-228 peixoto alegre / ac,AP
Augusto Melo,33788504959,96.0,10/03/2044,"ladeira de nunes, 9 campo alegre 89161-070 nunes de goiás / al",MA
João Fernandes,43989713199,75.0,09/12/1949,"chácara mariana monteiro, 76 joão pinheiro 69945916 correia de nunes / sc",AP
Dr. Eduardo Da Rocha,27897470007,96.0,06/09/2026,"trecho de pires, 90 nossa senhora da conceição 17306-874 costa / al",RN
Nicolas Das Neves,95555261080,96.0,,,PR
Joaquim Da Costa,13103229762,92.0,22/06/1932,"alameda camila ramos, 5 tiradentes 90579324 nogueira do sul / ce",DF
Luigi Castro,41483044523,96.0,19/03/1900,"ladeira caroline fogaça, 510 alto caiçaras 50531-868 viana / sp",AL
Maria Alice Nunes,97217058055,96.0,09/08/2037,"feira pires, 2 acaiaca 90848570 moura / sc",PB
Breno Da Mota,33309393052,96.0,25/05/2050,colônia de vieira boa vista 67140-419 da cruz da mata / go,ES
Carolina Santos,67504286080,96.0,18/06/2047,"vila ramos, 30 buraco quente 94467661 ferreira / sc",PR
Luana Silva,35747742149,96.0,,,MT
Cauê Farias,86590659387,96.0,11/12/2030,"viela de oliveira, 8 vila coqueiral 72417-271 barros / sc",AC
Manuela Gomes,89314097072,86.0,05/11/1938,"favela de barros, 22 conjunto capitão eduardo 66192-911 caldeira / rs",PR
Raquel Campos,68233879586,86.0,05/08/1938,"via vitória farias, 9 aguas claras 45747-182 araújo de teixeira / ms",SC
André Freitas,41220916392,96.0,27/10/2046,ladeira alexia rodrigues vila madre gertrudes 4ª seção 76746-557 jesus / pr,MS
Maria Fernanda Araújo,97290672723,108.0,27/03/1917,"praça sophia ramos, 24 madri 74530520 gonçalves alegre / ro",MS
Pietro Pinto,38156296570,96.0,25/02/2026,"trevo melo, 36 horto florestal 47544-245 duarte / go",AC
Sophia Melo,16445068015,96.0,02/10/2029,"colônia de moura, 9 vila tirol 55038-862 da costa da serra / es",MT
Theo Mendes,99340105461,96.0,25/05/1903,"condomínio fernando castro, 327 conjunto providencia 72234041 martins de goiás / sc",RJ
Joana Peixoto,14388138250,96.0,08/03/2036,esplanada rodrigues vila madre gertrudes 1ª seção 76080706 correia / df,DF
Gabrielly Moreira,49737943019,110.0,27/10/1914,"aeroporto da luz, 15 alpes 42400785 farias do amparo / df",RO
Dra. Emanuella Nogueira,53548027715,96.0,13/12/2040,"trevo pietra da luz, 169 candelaria 32468-169 souza do galho / pa",AM
Caroline Rocha,19086540462,96.0,20/03/2044,"vale moraes, 43 parque são pedro 42987-282 carvalho / rj",BA
Dra. Ana Clara Da Luz,40575343803,96.0,09/02/2048,"estrada de ramos, 19 nossa senhora de fátima 94308-161 da rocha / es",MS
Sra. Ana Luiza Monteiro,65127112609,96.0,15/02/2040,"vereda alves, 908 lorena 16565242 fernandes paulista / df",PA
Pietro Da Mota,57149003663,96.0,11/08/2043,"condomínio rafael lopes, 63 são francisco das chagas 75392-642 freitas de goiás / to",CE
Marcelo Da Costa,59069986318,96.0,,,RR
Isabelly Da Cunha,45336013273,96.0,04/12/1901,"rodovia freitas, 30 bom jesus 27659375 jesus / es",SE
Catarina Fogaça,14178369402,96.0,12/04/2043,"colônia de da rocha, 51 santa lúcia 72607-931 santos / se",ES
Alexia Martins,59836923177,96.0,24/04/2044,"condomínio sales, 424 são jorge 3ª seção 84573-479 da luz / am",CE
Noah Alves,50856453825,81.0,22/04/1944,"ladeira martins, 57 vila nova gameleira 3ª seção 62818-166 barros das pedras / sc",AL
Sr. Cauã Lopes,89899111454,96.0,,,RR
Luiza Alves,25086643346,106.0,28/03/1919,"praça de barbosa, 6 jardim dos comerciarios 59739008 da rosa / sc",SE
Bernardo Da Cruz,79676278763,103.0,03/01/1922,"vale caio cardoso, 47 horto 41485-591 costela / al",AC
Danilo Farias,20810304009,96.0,04/03/2036,"morro azevedo, 31 maravilha 31087088 barbosa de barros / pa",DF
Camila Monteiro,58699045309,96.0,13/04/2029,"trevo de mendes, 68 monsenhor messias 03115505 moraes de silveira / es",GO
Alícia Da Cruz,85381045310,105.0,17/08/1919,"campo de santos, 56 vila independencia 1ª seção 49068-628 monteiro do campo / mg",AM
Erick Sales,79960419531,85.0,11/10/1939,"largo santos, 6 tirol 55064-281 dias de da rocha / rr",PI
Joaquim Mendes,80157054712,96.0,,,MA
Cauã Cavalcanti,44153582535,96.0,28/07/2047,"vila danilo moura, 853 sagrada família 65993603 teixeira / ap",PA
Vitor Hugo Da Luz,14287268108,108.0,24/06/1916,"núcleo de lima, 164 santa isabel 46642-641 da paz / go",TO
Dra. Luiza Moura,51472152265,96.0,19/06/2035,"conjunto ana júlia sales, 21 gameleira 41529-183 novaes de mendes / ap",SP
Igor Peixoto,77141854833,99.0,15/03/1926,"campo ian almeida, 29 califórnia 37236270 pereira / mt",MA
Camila Freitas,26234139544,96.0,18/01/2035,"colônia otávio pires, 33 vila piratininga venda nova 53817-794 gomes de porto / ms",TO
Stephany Correia,39572893407,86.0,09/06/1938,condomínio mendes santa rosa 39574-436 vieira / pb,MA
Emanuel Barros,55954082000,96.0,,,AP
Kaique Farias,68525701609,96.0,26/12/2047,condomínio moura conjunto providencia 09277337 da luz / ac,RJ
Sr. Pedro Henrique Da Mata,61543977519,96.0,,,AP
Rafael Lopes,14056499692,96.0,17/02/2029,"feira jesus, 61 novo santa cecilia 21966-062 carvalho / df",RR
Sr. Raul Novaes,67720292901,96.0,16/04/2042,"fazenda lima, 3 jardim vitoria 11355-245 rodrigues de aragão / pa",MT
Sra. Manuela Gonçalves,77208120672,96.0,02/04/2041,"ladeira maria cardoso, 92 colégio batista 36168677 melo de mendes / ce",PA
Emanuella Da Cunha,84348030373,90.0,09/11/1934,"vila ramos, 4 são jorge 2ª seção 15975849 peixoto / pb",MA
Isabelly Gomes,68840610362,96.0,07/07/2038,"via heloísa barbosa, 27 jardinópolis 48915-699 jesus das flores / pe",AM
Calebe Cardoso,11763489391,97.0,08/04/1928,"avenida augusto santos, 84 vila tirol 87143720 correia / se",SP
Pedro Lucas Mendes,46575145647,96.0,22/03/2044,"vereda de gonçalves, 82 santa amelia 39184588 silva / rj",PR
Julia Das Neves,65653471069,96.0,20/06/2040,"largo benício da luz, 98 canaa 56668-903 carvalho / sc",BA
Ian Mendes,31374864888,96.0,25/08/2034,"estrada oliveira, 201 marieta 1ª seção 06419-307 gomes das pedras / rn",MT
Yago Da Rosa,19839644240,96.0,12/10/2040,"área fernanda rezende, 37 havaí 96762481 da cruz da serra / ba",AP
Marcos Vinicius Campos,56811518307,96.0,16/06/2025,"rodovia de jesus, 64 ernesto nascimento 65984-241 nogueira / se",MG
Alícia Da Rosa,27489112718,96.0,01/12/2036,"lago de barros, 3 varzea da palma 78119-969 da paz do galho / pr",ES
Dr. Vitor Moura,27091942504,103.0,25/08/1921,"área silveira, 754 confisco 53554-634 ribeiro / ap",MG
Maria Luiza Viana,25277186272,96.0,26/12/2025,"viaduto de caldeira, 30 minas brasil 66214-387 duarte / am",MT
Nicolas Monteiro,59725668867,96.0,15/08/2044,"condomínio de melo, 759 heliopolis 15339-897 da paz alegre / es",SP
Noah Pinto,48355376339,96.0,,,RR
Francisco Cardoso,92966693814,96.0,02/03/2028,"rua ana luiza da mota, 6 alto dos pinheiros 56256-261 da mata do norte / se",MA
Davi Lucas Rezende,79781642118,96.0,,,SC
Natália Nogueira,44245708683,106.0,18/02/1919,loteamento nunes zilah sposito 25169823 da mata de minas / rj,TO
Lorena Dias,22972533029,98.0,03/05/1927,"parque emanuel fogaça, 7 colégio batista 51391618 silva do oeste / to",RJ
Dr. Vitor Moura,84928221939,96.0,05/12/2026,"largo moraes, 1 vila pinho 29106656 campos / ms",AM
Maria Vitória Nunes,16243996385,96.0,06/05/2033,estação mendes nossa senhora aparecida 33460571 moraes do oeste / ac,TO
Luiz Otávio Barbosa,90446241275,96.0,,,GO
Gabriela Mendes,32667111608,96.0,,,PB
Pedro Miguel Barros,52426766056,96.0,05/11/2026,"alameda ana vitória rodrigues, 508 são josé 06927-090 azevedo / ap",RS
Felipe Gomes,37762185783,96.0,05/11/2026,"rodovia de da rosa, 51 aeroporto 85869-312 viana / ce",PR
Emanuelly Lima,91812764003,96.0,15/08/2048,"campo castro, 2 barão homem de melo 1ª seção 25365195 cardoso do amparo / ce",TO
Caio Almeida,85434299523,96.0,25/08/2047,"praia moura, 20 fernão dias 31201-336 ramos grande / mt",ES
Gabrielly Aragão,37237672328,96.0,22/10/2041,"vale de costela, 123 vila maloca 57139-559 barbosa / ce",MG
Eduardo Teixeira,22650522847,96.0,22/09/2041,trecho maria sophia almeida milionario 12411-259 aragão / rj,RJ
Gabrielly Rodrigues,26162590528,77.0,05/10/1947,"área de novaes, 284 vila são dimas 54567373 martins do campo / pb",TO
Noah Viana,96053196855,96.0,12/02/2044,lago melo vila são dimas 49786805 gonçalves de da mota / pr,RN
Nina Campos,34449877526,103.0,20/03/1922,ladeira de moreira lourdes 94626-151 cardoso / go,ES
Dr. Miguel Rodrigues,11317977095,85.0,07/05/1939,"distrito de souza, 1 cidade nova 44439-183 cavalcanti grande / rs",RN
Sr. Vitor Hugo Azevedo,65821730972,96.0,16/07/2026,"largo yuri rocha, 80 vila são gabriel jacui 65743031 silva / al",SE
Murilo Mendes,69384369101,96.0,22/11/2032,"área farias, 36 nossa senhora aparecida 49841-451 souza / mt",DF
Lavínia Moraes,91847094142,96.0,07/11/2050,"aeroporto lima, 5 cenaculo 55473-038 cavalcanti do sul / ro",TO
Ana Laura Moreira,42375305441,99.0,26/12/1925,"conjunto castro, 33 vila batik 22703307 campos / rj",DF
Emanuella Moura,53904114022,79.0,27/03/1946,"vale de costa, 189 nova america 24535-349 lima de cavalcanti / se",MA
Calebe Costa,99532146370,96.0,02/07/2029,"estrada noah moreira, 6 vila do pombal 42807614 azevedo / ac",PI
Amanda Campos,68255057118,96.0,27/04/2048,"praça de silva, 99 vila nova 73787-956 da paz / sc",BA
Enzo Rezende,35018378980,87.0,03/05/1938,"praça stephany da mota, 61 maravilha 49408293 castro do galho / rs",RJ
João Vitor Lopes,60382454382,106.0,19/02/1919,"aeroporto de da cruz, 9 céu azul 14619-105 lima / sp",ES
Ana Ribeiro,76131325251,74.0,18/08/1950,"núcleo de campos, 327 vila formosa 15486-086 fogaça / sp",ES
Enrico Lopes,19280189013,96.0,13/05/2045,"feira eloah farias, 7 vila da luz 38285-777 da mota de silva / go",RN
Sr. Vicente Peixoto,33066296520,96.0,28/04/2044,viela nunes araguaia 84443-442 carvalho das flores / df,MG
Otávio Pires,72015063841,96.0,19/06/2046,"distrito da luz, 21 palmeiras 75160-253 ramos paulista / ap",PI
Isadora Aragão,52510096446,96.0,,,PA
Augusto Pinto,43898801741,96.0,02/12/2034,"fazenda azevedo, 5 carmo 91278-470 farias das flores / ba",GO
Dr. Felipe Da Luz,60556714140,84.0,26/12/1940,"vila gomes, 69 barão homem de melo 3ª seção 25827976 sales de porto / sp",PI
Augusto Duarte,57696099222,96.0,02/09/1903,"ladeira correia, 39 estrela do oriente 17171-237 campos de minas / rr",CE
Raquel Novaes,46262629737,96.0,26/07/2042,"rodovia barbosa, 25 paulo vi 23622783 lima / es",MG
Pietro Rodrigues,83171921978,82.0,12/12/1942,"trevo costa, 33 jardim américa 05080-841 carvalho / se",CE
Marcelo Campos,30184511478,96.0,,,DF
Dra. Fernanda Rodrigues,52819581555,96.0,24/07/2046,"favela novaes, 1 conjunto celso machado 55952-877 pinto da mata / pb",PB
Marcelo Da Conceição,79216405279,96.0,02/11/2042,"ladeira da luz, 5 buraco quente 95596-473 mendes / mg",MT
Anthony Moraes,43094486937,96.0,25/10/2046,"sítio sophie da conceição, 101 jardinópolis 38359-782 moraes da serra / mg",MA
Sra. Maria Da Costa,38346869053,96.0,08/07/2033,rodovia de cardoso maravilha 94220-489 melo / pi,AL
Sophia Oliveira,56988848948,96.0,05/06/2041,"lago oliveira, 364 manacas 94048483 da cunha / sc",RO
Sr. Theo Nascimento,84252818610,96.0,11/06/2030,"esplanada clara pereira, 33 aeroporto 94301-133 ramos verde / ac",PB
Carolina Novaes,64101703626,96.0,09/04/2039,"residencial de cunha, 56 paraíso 61685-637 caldeira alegre / ms",RN
Ana Beatriz Aragão,74969822528,96.0,23/09/2047,"fazenda novaes, 24 palmares 45920098 da mata / ms",TO
Erick Dias,29903750134,81.0,01/02/1944,"avenida de peixoto, 12 vila pinho 04464-241 da cruz do galho / am",PR
Pedro Henrique Fernandes,17472124964,109.0,02/12/1915,"estação de freitas, 48 tupi a 13999-346 farias de goiás / df",CE
Larissa Gomes,67065311420,96.0,04/01/2049,"aeroporto silva, 7 buraco quente 37792152 cunha do galho / mg",SP
João Gabriel Nogueira,99600405409,96.0,27/12/2042,"colônia de moraes, 7 monte azul 36749-732 silva de lopes / sc",AP
Melissa Souza,31951661266,96.0,26/09/1902,"loteamento moraes, 76 maria helena 53267886 oliveira do galho / pb",AM
Guilherme Porto,66828118748,98.0,04/05/1927,"passarela de pinto, 78 boa vista 97537-137 ramos / ro",CE
Vitor Hugo Rocha,45464274898,80.0,27/04/1945,"praia isabelly fernandes, 6 são lucas 70602762 farias do galho / ap",MT
Samuel Pinto,50629460403,96.0,15/08/2037,"ladeira nicolas almeida, 23 braúnas 78896-311 caldeira / ba",ES
Sra. Sophia Fogaça,53363897952,96.0,26/09/2042,feira da paz ouro minas 20735-892 freitas do sul / ro,TO
Nicolas Da Mota,59879388427,108.0,18/11/1916,"área davi caldeira, 41 barro preto 90316-960 pires / al",RS
Noah Da Cunha,45714221011,96.0,18/08/2037,"travessa fernando da costa, 8 nossa senhora de fátima 22281417 rezende / pb",PA
Francisco Melo,40706856691,96.0,13/07/2041,"praça de moreira, 50 rio branco 41409710 lima / pe",MT
Ana Sophia Ramos,74456665587,92.0,06/03/1933,"jardim raquel martins, 52 itapoa 31495674 sales da prata / se",MT
Maitê Barros,53979279269,96.0,10/04/2049,"área rebeca ferreira, 344 cidade jardim 18874-464 ramos / es",AM
Yuri Das Neves,51835795046,96.0,23/12/2028,"chácara de freitas, 7 concórdia 36025-387 araújo / ms",SE
Sr. Renan Silveira,34959527655,96.0,18/11/1900,"morro de vieira, 42 novo são lucas 89499814 nascimento de goiás / pi",PI
Sr. André Da Paz,58674793777,96.0,23/11/2038,"parque de barros, 3 são joão 52596-034 silveira das pedras / es",ES
Henrique Ramos,78241044000,95.0,05/07/1929,"vila vitória pires, 29 vila pinho 83563-442 moreira das pedras / rs",RN
João Santos,94517358458,79.0,09/09/1945,rua da conceição santa rita de cássia 28960-283 fogaça / ro,RO
Heitor Almeida,71651240985,87.0,03/06/1937,"vereda vitor hugo da conceição, 2 petropolis 48547174 da cruz da praia / ma",PI
Davi Lucca Santos,38322559210,96.0,08/12/2044,"feira de cardoso, 83 santa amelia 28565-486 silveira de azevedo / pb",PE
Maitê Moura,12826369238,96.0,19/09/2028,"trecho de da rosa, 16 vila nova gameleira 1ª seção 92001739 melo dos dourados / pe",MS
Beatriz Da Mota,95487398453,87.0,20/11/1937,"núcleo de silva, 9 flavio de oliveira 26538-605 monteiro / am",PR
Davi Luiz Cardoso,75848572058,96.0,14/11/2049,"aeroporto brenda novaes, 55 apolonia 20112791 campos / pi",TO
Emanuel Ramos,56407670245,96.0,10/02/2049,"chácara de nunes, 14 vila antena 77869877 costa de minas / ap",MT
Pietro Peixoto,54441208646,96.0,,,PB
Dra. Ana Beatriz Pires,59333073385,82.0,21/12/1942,"vale alves, 93 vila são gabriel 09344458 lima de melo / se",SC
Cauê Da Costa,77315966112,96.0,12/06/2025,lagoa nunes vila maloca 03767465 viana da praia / rs,SP
Murilo Correia,78978539524,96.0,18/05/2029,"sítio joão pedro silveira, 71 grotinha 94513-485 cardoso de minas / mt",SC
Isis Rodrigues,88196972347,96.0,10/09/2040,"ladeira davi aragão, 729 são sebastião 43710-310 alves / ce",RR
Srta. Luana Rezende,57007134398,97.0,02/06/1927,residencial joão felipe araújo diamante 01990-848 barros da mata / rn,MG
Juan Porto,87149515569,96.0,12/01/2037,"aeroporto de moraes, 702 santa rosa 78651-295 rodrigues / rj",TO
Stella Castro,89082892815,96.0,24/02/2032,"vereda de ribeiro, 44 jaqueline 33644343 nogueira grande / pi",SC
Stephany Correia,98943336139,77.0,12/01/1948,"ladeira de freitas, 7 beira linha 89999452 novaes do oeste / pi",PB
Lara Caldeira,31009267879,96.0,08/01/1902,via mariane cardoso alpes 45133128 costa de goiás / pb,RS
Cauê Barros,21134156419,80.0,28/10/1944,"trecho de moura, 61 vila real 1ª seção 29891-696 ribeiro / mg",PB
Sabrina Caldeira,60652186205,96.0,03/06/2029,"sítio melo, 2 vila jardim alvorada 69283-311 peixoto / rn",TO
Lara Dias,59965105310,96.0,,,SE
Davi Lucas Duarte,44315839752,96.0,27/08/2036,área de da cruz bairro das indústrias ii 41336-712 das neves de pinto / rn,AC
Maria Fernanda Da Mata,57802548943,96.0,12/02/2039,"trecho thiago azevedo, 23 frei leopoldo 23189942 viana de freitas / am",PR
Vitor Gabriel Ramos,39791606226,96.0,14/05/2044,"lago de martins, 91 vila são geraldo 66420017 santos / go",RR
Luiz Gustavo Peixoto,80990066216,96.0,26/11/1900,"ladeira da mata, 9 barreiro 19840-589 santos da serra / sp",TO
Ana Luiza Rocha,95415611250,96.0,11/06/2035,"aeroporto da conceição, 73 engenho nogueira 90663-977 pereira / rr",ES
Isabel Das Neves,47252532747,96.0,23/02/2031,"vereda de das neves, 88 boa união 2ª seção 72353328 jesus grande / pb",MG
Dr. Theo Campos,78641600903,96.0,27/06/2034,"sítio cardoso, 14 jardim guanabara 02275612 alves / pi",MS
Maysa Barros,62844810951,96.0,,,PA
Sr. Guilherme Rocha,34060667693,96.0,,,TO
Lucas Campos,53064201117,96.0,21/05/2040,"morro francisco silveira, 69 anchieta 56659487 oliveira da mata / ms",MA
Cecília Da Costa,41740611340,96.0,14/02/2036,"jardim caldeira, 920 nova suíça 43270-210 da rocha / to",AL
Isaac Dias,14164124905,100.0,01/05/1925,"loteamento nunes, 10 providencia 45238-773 da costa / mg",PE
Enzo Da Rosa,37533434219,96.0,10/01/2050,"morro teixeira, 40 vila independencia 1ª seção 28716832 nogueira paulista / rj",CE
Agatha Martins,54216822966,96.0,25/07/2045,"feira de vieira, 16 ouro minas 56659-912 moreira do oeste / ms",RJ
Eduarda Cardoso,75810410869,96.0,,,PR
Vitor Das Neves,84155845324,96.0,21/03/2048,"área de rodrigues, 13 marieta 3ª seção 41335-143 melo dos dourados / sp",RN
Arthur Martins,82995149514,79.0,17/08/1945,"via de gonçalves, 32 nova esperança 77139639 pires / ma",RN
Diego Almeida,47403704672,96.0,17/09/2038,fazenda de nascimento betânia 34908276 melo do campo / rj,SP
Beatriz Cardoso,20500614491,96.0,13/08/2049,"setor noah nogueira, 68 padre eustáquio 55266-215 campos paulista / pr",SP
Sr. Bruno Moreira,13666365586,96.0,24/02/2048,"campo yago barros, 7 santo andré 10639-446 peixoto das flores / se",PB
Arthur Ferreira,85738881010,92.0,15/05/1932,"ladeira de carvalho, 5 jardim leblon 28899-555 alves / rj",AL
Srta. Raquel Porto,23275190238,96.0,16/10/2026,"fazenda maria rezende, 836 beira linha 60619674 cunha / pb",MA
Isaac Souza,98242044181,89.0,06/04/1936,"ladeira bruna silva, 45 granja werneck 82075-956 silva de castro / ba",RN
Miguel Teixeira,95786615506,96.0,08/02/2031,"colônia yago barbosa, 58 vila petropolis 96842-716 martins / pe",GO
Heloísa Jesus,63342372741,101.0,15/05/1923,"praia pedro miguel castro, 79 heliopolis 95032644 pereira / es",PI
Elisa Cardoso,34550937083,96.0,16/03/2046,"aeroporto ana da conceição, 9 vila mangueiras 89115-775 das neves de nascimento / rn",RN
Srta. Ana Lívia Barros,30699847943,96.0,24/04/2035,conjunto agatha moraes cenaculo 29320-885 farias / mg,MS
Sr. Breno Da Mata,98585961387,96.0,,,DF
Ana Júlia Gomes,22342316906,96.0,11/05/2036,"morro monteiro, 83 marajó 17000-957 carvalho de da paz / pe",SC
João Pedro Da Costa,48356137629,96.0,,,GO
João Gabriel Novaes,55790140042,81.0,11/04/1944,"passarela ramos, 1 nazare 93723392 santos do norte / to",DF
Benício Caldeira,36789711456,96.0,02/12/2034,"loteamento de moura, 69 vila pinho 41051255 da rosa / ms",BA
Luiz Miguel Pereira,75086240242,96.0,15/09/1928,"via de da rosa, 69 são joão batista 11422-060 cunha / ro",MG
Luiz Felipe Rocha,25195896436,99.0,15/05/1925,"loteamento enzo gonçalves, 64 são damião 78815-861 barbosa de ramos / df",MG
Guilherme Castro,84520789711,96.0,10/12/2039,"rua ramos, 45 castelo 63598775 monteiro / rn",AM
Luna Da Cruz,24573207452,96.0,21/10/2031,"condomínio de nunes, 999 vila ecológica 55962181 moura / am",ES
Sr. Murilo Vieira,28261826751,96.0,,,PA
Ana Clara Nunes,59396747483,96.0,,,PB
Lorenzo Cunha,31379446416,92.0,24/09/1932,"vila ribeiro, 549 itaipu 36439998 viana da prata / ap",AP
João Miguel Martins,96012608765,96.0,16/08/2046,"vila de silva, 4 canadá 71082-819 da paz do norte / al",AC
Mariana Souza,72859241750,96.0,16/03/2048,"estrada de moura, 12 mangueiras 83775094 das neves da praia / go",PE
Cauã Da Rocha,31665599997,97.0,09/11/1927,estação raul sales santa margarida 94480-852 gonçalves das flores / to,RN
Pedro Lucas Pinto,63269543767,96.0,16/07/2026,"loteamento ribeiro, 894 santa branca 42032791 aragão / sp",CE
Vinicius Cavalcanti,43921352222,92.0,01/11/1932,"vale castro, 42 satelite 58678552 gomes dos dourados / sp",PR
Dr. Felipe Mendes,54155510605,96.0,16/09/2041,"fazenda de cardoso, 165 jardim leblon 26684-091 costela do campo / ms",AP
Luiz Otávio Peixoto,18423834835,96.0,25/04/2049,"viela cunha, 74 aparecida 7ª seção 39666-393 rezende / am",PI
Srta. Maria Vitória Gomes,39376814248,96.0,,,RO
Enzo Gabriel Rocha,84937508176,96.0,17/06/2045,"largo da costa, 11 jardim do vale 41266544 ribeiro grande / to",RO
Sarah Da Luz,38677633290,96.0,16/10/2025,"sítio brenda farias, 86 vila coqueiral 52104-881 santos / ap",PB
Sra. Júlia Peixoto,61374549957,96.0,27/04/2028,rodovia santos serrano 00974-425 viana da mata / sp,MS
Rafaela Moura,97135752553,105.0,04/07/1919,loteamento de da cunha caiçara - adelaide 82621334 rocha / ms,SC
Enrico Cardoso,91909100341,96.0,02/02/1900,"ladeira de rocha, 18 outro 65808-257 gomes de oliveira / pb",GO
Letícia Sales,89948087081,96.0,01/08/2028,"núcleo de melo, 10 vila nova gameleira 1ª seção 35069-607 costa / am",MA
Lavínia Azevedo,48071389879,81.0,02/01/1944,"residencial de cardoso, 8 pompéia 00359342 souza / rs",AM
Luiz Gustavo Rocha,41253790440,96.0,10/08/2034,vila de da paz floresta 96243291 silva de da conceição / pb,AC
Enzo Gabriel Gomes,91174124741,91.0,15/02/1934,"recanto larissa correia, 54 virgínia 76281016 araújo da serra / pa",BA
Dr. Gabriel Pires,54794446376,96.0,12/05/2028,alameda de cardoso vila jardim leblon 45013545 duarte / sc,MT
Maria Clara Azevedo,68536294482,96.0,,,MS
Isis Oliveira,90430642996,96.0,,,PB
Brenda Ramos,15590806563,96.0,14/01/2035,"estação de aragão, 83 indaiá 01882-779 costela da prata / ap",GO
Mirella Azevedo,94642259146,96.0,,,MA
Esther Azevedo,61685753283,96.0,13/12/2027,passarela maria alice rocha pindorama 56143127 rodrigues de nunes / se,MT
Calebe Araújo,30497464339,77.0,27/11/1947,distrito daniel viana minas brasil 44527406 moura de fogaça / se,GO
Olivia Moura,42894356517,110.0,19/10/1914,esplanada campos belmonte 70192988 barbosa do amparo / ba,PI
Luiza Aragão,21747235724,96.0,,,PA
Emanuelly Correia,99718847051,96.0,23/03/2027,"alameda da mata, 4 juliana 52146987 pinto / ap",MT
Gabriel Silva,54031061602,96.0,11/12/2035,"pátio fernandes, 1 vila sumaré 58648287 cardoso de carvalho / go",RO
Fernanda Cardoso,94687159677,96.0,21/02/2048,pátio emilly barros salgado filho 36491-247 da mota das pedras / ba,BA
Murilo Cavalcanti,85502447371,82.0,28/01/1943,"setor de cardoso, 638 são jorge 3ª seção 77193-521 da conceição / mg",AL
João Felipe Rodrigues,45273298015,88.0,18/12/1936,"estrada da rocha, 10 corumbiara 79044324 correia de nascimento / mg",AC
Dr. Rodrigo Novaes,47027914342,96.0,,,AP
Valentina Da Conceição,89845244148,96.0,24/05/2039,"trevo stella almeida, 573 graça 93177-652 moreira / pb",PA
Lara Lopes,24808298231,90.0,06/10/1934,jardim de mendes nossa senhora do rosário 13234-587 novaes grande / es,AP
Thomas Nunes,40044219732,96.0,12/03/2039,"setor stephany da rocha, 26 olhos d'água 41780940 ramos / rj",AC
Srta. Agatha Aragão,21017587325,96.0,,,PE
Isis Ribeiro,36369864798,108.0,23/12/1916,"rua davi cardoso, 28 conjunto providencia 32196-071 da rosa / sp",AM
João Pedro Melo,83288894576,110.0,10/11/1914,"pátio martins, 1 buritis 69628-643 santos do sul / mg",RR
Maria Clara Vieira,67793788326,84.0,06/02/1941,"área rocha, 7 dom bosco 68945554 duarte dos dourados / pi",MA
Noah Lopes,90160063142,96.0,05/06/2043,"distrito de jesus, 531 barão homem de melo 1ª seção 17758855 moura grande / to",AM
Fernanda Pires,41423625181,96.0,26/05/2049,"praia mendes, 16 ouro minas 60136-988 carvalho / sp",ES
Ana Vitória Moura,16880953359,93.0,21/03/1932,"via alana moreira, 18 vale do jatoba 86950-633 moura / rr",PA
Maria Cecília Mendes,89352683705,96.0,23/03/2040,"avenida gonçalves, 65 vila nova 89438-787 cardoso / pr",TO
Maria Cecília Teixeira,48451230762,96.0,04/09/2030,"passarela teixeira, 176 diamante 20567529 das neves paulista / sp",RN
Maria Vitória Melo,94756886973,96.0,18/06/2046,"esplanada yago aragão, 99 vila calafate 48965017 pinto dos dourados / mg",DF
Maria Eduarda Moraes,75627243848,96.0,,,TO
Dr. João Felipe Silva,92591183192,102.0,14/12/1922,loteamento de duarte marmiteiros 30562324 da rosa alegre / ac,PB
Fernanda Barbosa,46392044127,96.0,28/01/2039,"avenida de pereira, 8 parque são josé 69238-293 alves / pe",MA
Srta. Alice Santos,38774311339,97.0,06/05/1928,"estação calebe rocha, 37 xangri-lá 22247269 alves / sp",ES
Maria Clara Cunha,44890902602,96.0,,,PI
Dr. Murilo Costela,42526901583,85.0,01/08/1939,residencial da luz silveira 31471-687 caldeira / df,RS
Luana Cavalcanti,74861437927,96.0,09/07/1928,"colônia gonçalves, 58 joão paulo ii 38644-954 novaes / mg",SE
Francisco Cunha,28208876719,96.0,11/01/1900,esplanada pietra carvalho candelaria 59874337 gonçalves da serra / ap,ES
Juliana Aragão,92584357571,96.0,18/06/2046,"morro alexandre da mota, 87 vila da luz 55700138 melo do amparo / ap",CE
Maria Aragão,62662125948,96.0,09/10/2038,"recanto isabella novaes, 40 ernesto nascimento 26518760 da cunha / mt",RJ
Sra. Caroline Teixeira,83128552249,94.0,13/08/1930,"viela costa, 12 vila antena montanhês 98132749 caldeira / rn",TO
Sr. Henrique Pires,66046408279,90.0,25/05/1934,"núcleo moura, 39 canaa 62673499 barros / pe",SC
Murilo Da Mata,59307708058,96.0,,,CE
Miguel Cavalcanti,65355367123,106.0,04/08/1918,trecho araújo boa viagem 40119-387 da costa / mg,MG
Vitor Gabriel Ramos,71157616458,96.0,10/09/2034,"fazenda melo, 998 beira linha 72369-780 novaes / pa",AP
Maysa Pinto,42893201624,109.0,15/10/1915,"lago benício teixeira, 50 vila piratininga venda nova 23302-606 da rocha / ce",TO
Maria Clara Da Conceição,97730730801,86.0,04/03/1939,"jardim castro, 1 silveira 64647274 gomes da prata / se",SP
Amanda Lopes,50675246916,96.0,08/04/2029,"setor luana costa, 6 vila real 1ª seção 58728-116 costela / sc",RO
Heloísa Barros,47933285341,105.0,05/03/1920,"viela de pires, 1 flamengo 82118-483 nascimento de goiás / ap",AC
Luiz Miguel Pires,15584848006,91.0,05/08/1933,"área anthony farias, 61 serra 73783964 pinto / se",RO
Levi Fernandes,39447621882,96.0,,,AL
Sr. Augusto Santos,33174751500,90.0,24/12/1934,"pátio rafaela novaes, 38 lourdes 08304-269 cardoso / sp",TO
Ana Júlia Campos,91870137572,96.0,12/07/2049,"viaduto sarah azevedo, 32 trevo 84196293 martins / rj",RN
Emanuella Rocha,21770560363,93.0,13/12/1931,"passarela de fogaça, 64 acaba mundo 00844-435 duarte / ma",RO
Dr. Vicente Rocha,50425130903,94.0,21/09/1930,"travessa de moura, 98 vila jardim alvorada 40781-950 cunha / am",RN
Erick Ramos,21286052620,96.0,11/03/1902,"avenida de castro, 13 barão homem de melo 2ª seção 63953-475 lima / rn",AP
Felipe Costela,46754900461,83.0,21/07/1941,"largo azevedo, 8 luxemburgo 98296-360 teixeira da mata / pr",AP
Cauã Nunes,93750650662,96.0,02/06/2044,praia pires jardinópolis 43771605 souza de viana / se,RR
Srta. Eduarda Souza,48915393991,78.0,28/02/1947,"travessa de ribeiro, 82 boa união 1ª seção 07602-433 viana / ac",RO
Davi Correia,56268879906,104.0,27/08/1920,"rua cunha, 418 granja werneck 39525617 ferreira de cardoso / pi",AM
Luiz Fernando Da Costa,16618098071,77.0,12/07/1947,trecho da rocha novo santa cecilia 00183191 martins / ap,SP
Benjamin Monteiro,72201358260,96.0,02/08/2032,"vila cardoso, 50 beija flor 41656-736 da paz / sp",MA
Ana Julia Gomes,91985657259,96.0,27/01/2034,"rua azevedo, 966 dom bosco 20939-452 caldeira do galho / ro",PA
Bianca Porto,81253544739,103.0,19/02/1922,"vereda marcos vinicius da cunha, 379 lagoinha leblon 56323104 silveira de ferreira / pe",RN
Emanuella Cardoso,86596121982,106.0,01/05/1919,"lago de barros, 81 são gonçalo 69781185 cardoso / pe",TO
Davi Lucca Carvalho,57630111771,96.0,22/02/2028,"favela pedro henrique ramos, 1 buritis 57504-134 silva paulista / df",TO
Emilly Da Rosa,79370907183,96.0,16/01/2029,"avenida dias, 22 união 47896-163 da mata de gonçalves / pb",GO
Anthony Sales,45667933880,96.0,24/05/2041,"viaduto moreira, 4 jardim do vale 26638166 moraes de castro / am",SP
Luigi Dias,18049319041,96.0,21/09/2050,vale pedro henrique da cruz nazare 99793549 gomes / es,MG
Dra. Mariana Rodrigues,77345615413,109.0,24/05/1915,vila araújo senhor dos passos 24495288 azevedo / ba,AM
Dr. Juan Da Cruz,87154982814,96.0,01/07/2032,"quadra de fogaça, 21 mariquinhas 72833897 lima do oeste / ba",AM
Maitê Dias,76183126952,96.0,03/11/2032,"colônia barbosa, 46 aparecida 97467497 aragão / pa",PR
Juliana Porto,95142460704,98.0,10/11/1926,"passarela de silva, 2 comiteco 03797-037 rezende paulista / sc",PR
Breno Melo,43408289482,96.0,25/06/2042,"trevo de novaes, 1 nossa senhora aparecida 81254657 pires / rn",DF
Calebe Sales,15153181074,96.0,15/08/2036,"esplanada maria fernanda barros, 92 rio branco 32206-067 peixoto / pr",RO
Daniel Sales,96894207575,96.0,24/09/2027,"rodovia lopes, 9 graça 81859383 mendes / ro",AM
Marcelo Castro,34697251861,96.0,,,ES
Antônio Da Luz,46084085828,96.0,28/06/2038,"viaduto bernardo correia, 58 vila engenho nogueira 19458-652 da cruz do oeste / pa",RS
Ana Lívia Dias,30582902645,96.0,14/06/2032,favela azevedo lorena 82036-972 costa / rs,AM
Yasmin Aragão,93107099847,96.0,04/03/2030,trecho de peixoto flavio marques lisboa 59404570 porto / pe,AL
Cecília Martins,46995380626,96.0,,,CE
Maria Alice Costela,20318096460,96.0,18/09/1900,"largo luiz gustavo moraes, 86 coração de jesus 97584-821 nascimento verde / sc",RN
Sr. Nicolas Da Mata,13937706373,96.0,22/05/2043,"vila gonçalves, 9 bom jesus 29328067 da cunha do galho / pb",MG
Amanda Santos,88734098814,87.0,13/11/1937,aeroporto de farias vila bandeirantes 42852809 da paz de rodrigues / sp,MT
Henrique Freitas,49625342018,96.0,03/08/2026,"morro da luz, 12 xodo-marize 89984520 sales de carvalho / df",PI
João Pedro Lopes,90910181886,96.0,06/06/2048,"rua de porto, 60 vila nova gameleira 1ª seção 86326-666 farias grande / rn",PA
Bárbara Caldeira,46704388358,81.0,11/06/1943,praça gabriela caldeira vila santo antônio barroquinha 15642-066 pires / mt,SE
Eloah Da Mota,43493481592,94.0,20/05/1930,"residencial lima, 948 santa rosa 52381-839 correia / se",RN
Juliana Carvalho,73179714494,97.0,06/04/1928,"recanto bernardo viana, 1 jardim leblon 79150425 costela / rn",DF
Natália Vieira,33206858837,96.0,13/04/2048,"fazenda andré campos, 23 são paulo 86017356 silva / pe",RJ
Marina Souza,24572211012,96.0,27/10/2037,"vale de aragão, 96 vila da amizade 62669-523 cardoso / sc",CE
Evelyn Da Paz,90732441208,96.0,07/12/2031,"residencial de moreira, 12 flavio marques lisboa 32045-036 costa de goiás / mg",PI
Ana Julia Melo,60366045842,96.0,18/06/2026,"passarela viana, 4 conjunto são francisco de assis 38204220 barbosa de costela / mt",AL
Pietro Vieira,65441814116,96.0,17/11/2033,"aeroporto alexia melo, 812 candelaria 93103-164 cunha / mt",ES
Luiz Miguel Campos,51050607109,104.0,17/07/1920,"conjunto de dias, 13 alpes 14217-688 da cruz / se",PI
Sr. Breno Teixeira,84055210679,96.0,06/03/2033,"praia ana júlia vieira, 93 jardim alvorada 30100-410 da mota / ce",PE
João Gabriel Peixoto,18463990678,96.0,06/02/2037,"núcleo da cruz, 61 vista alegre 58661783 nogueira / sc",DF
Heitor Campos,64649840400,96.0,26/07/2037,"travessa de viana, 21 nossa senhora do rosário 13218235 vieira de goiás / al",MS
Valentina Freitas,33275010729,99.0,13/09/1925,"estação sofia porto, 59 corumbiara 20811306 gonçalves das pedras / pi",AP
Murilo Silva,32107312222,83.0,25/01/1942,feira marcelo ramos fernão dias 92594-030 da costa / pi,AP
Sophie Sales,26378169479,96.0,21/01/2029,"rodovia silva, 272 pompéia 90268698 araújo / pi",PB
Maitê Carvalho,91489621136,96.0,09/10/2040,"alameda ribeiro, 33 nossa senhora do rosário 34869843 alves / es",CE
Marcos Vinicius Gonçalves,92579451820,96.0,08/06/1901,"parque luigi mendes, 93 vila independencia 3ª seção 25022824 da paz do amparo / go",RN
Natália Gonçalves,80707031768,96.0,,,SC
João Gabriel Da Mota,16993593647,96.0,13/12/2039,"setor de freitas, 64 santana do cafezal 69161105 da cunha / es",AP
Ana Clara Costa,78323697592,96.0,,,PE
Laís Rodrigues,63669476148,98.0,19/01/1927,"rua de pereira, 1 vila suzana segunda seção 67397316 novaes / ma",SC
Isabella Alves,60773540393,102.0,09/07/1922,"praia clara vieira, 46 barão homem de melo 1ª seção 32588878 cunha das flores / al",PB
Laís Teixeira,11692339568,96.0,17/06/2047,conjunto emanuella lopes leticia 53773-118 castro verde / ac,AL
Bianca Sales,82007617202,96.0,10/11/2033,colônia moura vila boa vista 66742-629 martins / ro,PA
Pietra Rezende,71995482738,96.0,02/01/2036,"trevo de viana, 31 grotinha 25452231 freitas / se",PR
Theo Peixoto,29433559148,109.0,10/12/1915,"travessa heitor da conceição, 423 saudade 00403609 duarte do galho / mg",AM
Cauê Caldeira,33740685801,80.0,01/04/1945,"pátio thiago ferreira, 886 jardim do vale 39659903 nogueira de caldeira / ap",SP
João Vitor Cardoso,50495167445,96.0,15/12/2043,"sítio freitas, 769 vila santa rosa 55413697 farias / ap",SP
Bernardo Teixeira,58044379756,96.0,25/05/2043,"colônia maria clara santos, 17 maria virgínia 03858-196 monteiro verde / mg",PA
Mariane Rezende,85913524592,90.0,26/11/1934,vereda de lopes são geraldo 45114174 ribeiro de araújo / ba,AC
Mariane Nunes,23752554868,96.0,25/03/2030,"vereda lívia souza, 45 vila da paz 54168-889 viana da prata / mg",PE
Raul Moura,28828353542,96.0,18/10/2036,"vereda luiza novaes, 6 aeroporto 11830090 lopes de da mata / rn",AL
Luiz Felipe Barbosa,58657774117,102.0,23/03/1923,"conjunto yasmin correia, 5 são paulo 90077605 castro de ferreira / mg",GO
Sra. Rebeca Barros,53576867957,96.0,09/12/2050,"viela barros, 1 ernesto nascimento 13769-721 caldeira / pi",SP
Helena Rocha,42931919828,96.0,,,DF
Dr. Alexandre Pinto,16940118983,109.0,19/09/1915,"trecho porto, 6 serrano 20881309 lima / al",SE
Kamilly Sales,25279737191,96.0,13/09/2028,"ladeira vitor gabriel alves, 38 pedreira padro lopes 91137-466 cavalcanti / rs",PA
João Miguel Duarte,85577662604,96.0,15/10/2032,"viaduto de oliveira, 22 acaiaca 85188-980 campos alegre / se",AM
Breno Cardoso,56766984234,96.0,05/09/2031,"trecho nicolas barros, 14 califórnia 27886-657 barros de da mota / rn",TO
Enzo Novaes,66701564133,100.0,14/06/1924,"conjunto correia, 167 betânia 88505-316 azevedo / ro",AP
Ana Beatriz Cavalcanti,40157197035,96.0,26/01/2035,"vale pires, 7 pindura saia 06256-896 rocha de peixoto / ma",RN
Arthur Da Cunha,85584027759,96.0,16/08/2025,"largo de cardoso, 35 marieta 3ª seção 53283-567 das neves de novaes / pe",PI
Sra. Luna Monteiro,88685594012,96.0,09/08/2032,"rua vinicius lopes, 49 lagoinha leblon 60197-265 da conceição / rn",SP
Paulo Costa,51305496409,96.0,04/05/2045,"rodovia de nascimento, 68 marieta 2ª seção 51704-502 fernandes / df",MS
Pedro Lucas Dias,45639306444,96.0,10/08/2047,"fazenda cunha, 60 casa branca 92602287 cavalcanti / mg",BA
Dra. Alice Moraes,56929423088,96.0,25/11/2026,"rua de vieira, 67 santa cruz 67300-088 silva / al",MG
Luiz Fernando Da Cruz,75513521715,96.0,22/03/2040,setor correia caetano furquim 37413327 das neves de minas / pi,PE
Yasmin Da Luz,38296322110,99.0,17/10/1925,"esplanada joão miguel azevedo, 4 mangueiras 08176-321 silva da praia / ac",RN
Pedro Miguel Lopes,75343286704,96.0,09/09/1903,esplanada beatriz fogaça vila piratininga 48212958 cunha / pa,PE
Cauã Nascimento,94924972866,96.0,21/10/2034,"lagoa de costela, 9 conjunto são francisco de assis 11115-887 sales / to",SE
Srta. Agatha Gomes,94582875424,110.0,20/11/1914,"favela de nunes, 76 são gonçalo 54539-166 jesus de pereira / mg",SC
Thales Nogueira,92308692778,96.0,23/03/2028,passarela de nunes vila antena montanhês 58617-314 barbosa / mt,RN
Benjamin Costa,50147483423,96.0,03/04/2028,"vila vitor gabriel araújo, 9 pedreira padro lopes 29385351 das neves / pa",PR
Sr. Yago Moreira,78235167878,96.0,06/08/1900,"fazenda novaes, 60 vila das oliveiras 70066-665 araújo do galho / to",RJ
Camila Santos,92544121180,74.0,16/07/1950,"viaduto ana laura silveira, 324 coração de jesus 52883682 sales dos dourados / ms",MS
Marcela Barros,40970594028,96.0,09/10/2043,"avenida de araújo, 26 marajó 64897161 monteiro de duarte / am",MA
Marcelo Costela,30320303851,96.0,17/07/2031,"viaduto peixoto, 77 vila suzana primeira seção 61038-999 ramos / al",CE
Calebe Porto,27328501384,96.0,15/09/2025,quadra moura olhos d'água 76808150 mendes de minas / pb,AL
João Miguel Santos,95586551529,96.0,20/01/2046,"lago renan cardoso, 59 santa amelia 67660-651 alves de aragão / ba",CE
Heitor Fogaça,89581006977,96.0,20/11/2046,"loteamento moraes, 81 guaratã 23130240 costa / rn",PB
Benjamin Campos,28595667104,96.0,,,MT
Yuri Lima,12643221735,96.0,18/03/2034,"chácara de da rocha, 323 maria goretti 91223-503 moura / pr",CE
Matheus Araújo,93846104666,96.0,11/11/2032,"rodovia rodrigues, 6 marilandia 06715592 nascimento / rj",MS
Manuela Da Mota,88060921404,96.0,19/12/2032,"setor de pires, 82 delta 63686-588 da paz do galho / mg",AC
Ana Beatriz Da Cunha,24040308710,96.0,,,AM
Ana Caldeira,18886276484,96.0,10/01/2049,"chácara pedro lucas castro, 15 vila são gabriel 35874429 costa / rn",RN
Isabella Mendes,72353341026,96.0,,,MA
Sra. Bárbara Costela,42018741229,96.0,16/02/2043,"morro augusto costela, 19 estoril 55369148 gonçalves / pa",PE
Beatriz Melo,62195426650,102.0,26/08/1922,"ladeira de vieira, 631 vera cruz 42422-826 ribeiro do amparo / pi",AP
Dr. Bruno Da Conceição,10538536457,96.0,26/02/1902,"passarela mendes, 44 leticia 27893776 lopes da prata / pb",SP
Sra. Bruna Fernandes,11715800203,96.0,28/05/2025,"conjunto maitê pires, 872 das industrias i 23600545 rezende / mt",RR
Isabella Dias,90413035480,96.0,27/07/2047,"setor dias, 62 juliana 69095-113 carvalho / sc",PE
Giovanna Caldeira,26456250361,96.0,28/01/2031,jardim ana clara silva vila santa monica 1ª seção 57372-831 teixeira dos dourados / ap,CE
Luiz Gustavo Da Rosa,73411367854,96.0,27/07/2045,viela de rezende guaratã 99552605 rocha / am,ES
Isis Caldeira,85119720980,74.0,26/10/1950,"estrada de duarte, 265 estrela do oriente 18151626 gonçalves / ce",MG
Dra. Ana Carolina Viana,14854265802,96.0,25/08/2043,"travessa freitas, 68 vila jardim são josé 59363411 souza / mt",PR
Nicole Ferreira,39908131567,96.0,02/02/2034,conjunto rafaela costa acaba mundo 07788-678 melo / se,GO
Raul Aragão,13968311409,96.0,04/10/2034,"largo de ferreira, 894 vila mangueiras 49790958 da paz da mata / go",SP
Nina Caldeira,47554352312,96.0,22/03/2042,rua rocha vila são paulo 86846488 pereira de peixoto / sp,MA
Pedro Henrique Correia,71837939416,96.0,16/06/2044,"lagoa luiz henrique freitas, 53 granja werneck 40707-716 pereira / rr",DF
Maria Clara Ferreira,66310049199,96.0,,,CE
Bruna Farias,83169080041,96.0,10/08/2046,"passarela de carvalho, 727 são joão 21189368 cavalcanti de teixeira / al",AL
Luigi Rocha,64719943691,96.0,04/11/2028,"rua da paz, 840 são joão 33321263 porto do amparo / am",PI
Manuela Costela,14871403039,86.0,19/05/1938,"favela de ribeiro, 24 tirol 45213398 correia / sc",PB
Stephany Da Paz,52667255711,107.0,26/09/1917,"recanto emanuelly moraes, 8 biquinhas 79278172 martins / se",GO
Noah Cardoso,55889890883,96.0,02/05/2048,"residencial ferreira, 68 vila mantiqueira 30581885 rodrigues / pb",RO
Dra. Luna Gonçalves,48914156273,109.0,16/08/1915,"conjunto costa, 896 vila maloca 41076381 teixeira dos dourados / rs",MT
Milena Mendes,91144263504,96.0,,,AC
Juan Martins,49937223166,96.0,03/09/2035,"jardim azevedo, 98 são pedro 35595646 porto / df",RN
Isabelly Da Cunha,56164513972,96.0,24/04/2047,"ladeira de santos, 303 são vicente 49302842 pinto do amparo / se",ES
Luigi Nascimento,80585462694,96.0,12/01/2046,"feira de cavalcanti, 7 vila piratininga venda nova 63064818 nunes / se",AL
Laís Fernandes,85784458190,96.0,19/02/1929,"colônia das neves, 5 vila paris 21817-080 da rocha / to",SC
Valentina Alves,69398502793,96.0,09/09/2044,"praia isabella da luz, 60 são francisco das chagas 11327828 monteiro dos dourados / ma",RO
Manuela Mendes,32417642931,96.0,09/01/2047,"recanto rezende, 4 bela vitoria 15776-808 fogaça / rn",RJ
Lorenzo Da Rocha,53889733335,96.0,17/03/2041,"travessa de fernandes, 843 vila são geraldo 29983917 costela paulista / ba",GO
Anthony Gomes,40431596580,96.0,14/03/2040,"vila sales, 50 jaqueline 17897-761 monteiro / rr",AP
Leandro Mendes,35877161665,96.0,,,PR
Maria Eduarda Martins,10239148883,96.0,,,SE
Joana Rocha,90704723092,106.0,16/11/1918,sítio beatriz gomes novo glória 01323-965 jesus / pe,SE
Mariane Cardoso,39873426295,100.0,22/11/1924,"rua rodrigues, 59 ouro preto 31460637 moraes do norte / rr",SE
Helena Nogueira,57125423593,96.0,19/04/2049,"chácara barros, 93 colégio batista 05381054 lopes verde / se",MG
Cauã Barros,47425869951,96.0,13/10/2042,"avenida breno souza, 42 oeste 32096-848 lima da praia / go",ES
Lavínia Silva,28698756320,98.0,10/01/1927,"condomínio cecília da mota, 96 vila canto do sabiá 73032-324 campos / sp",AC
Daniel Cunha,19845806437,96.0,,,MG
Yuri Oliveira,94268592170,79.0,10/10/1945,"feira de das neves, 326 marieta 3ª seção 33316050 da paz do galho / sp",RR
Davi Lucas Rodrigues,66285205377,82.0,22/10/1942,"rodovia de rezende, 3 maravilha 09301379 silva de cardoso / sc",MT
Lara Sales,92470532466,96.0,20/12/1902,"quadra de nascimento, 549 vila ipiranga 78452-066 rodrigues das pedras / to",DF
Ana Beatriz Das Neves,66591565051,96.0,08/04/2032,"favela sophie cavalcanti, 63 baleia 29468679 ferreira de sales / sp",RN
Dr. Bernardo Da Mata,26925982763,96.0,,,PE
Thiago Martins,18652675489,78.0,19/04/1947,"recanto cauã barros, 2 bom jesus 58315-479 silva verde / pe",MS
Marcela Porto,35875640818,96.0,,,RJ
João Pedro Fernandes,11953305161,96.0,,,ES
Lavínia Da Luz,40679690655,107.0,15/10/1917,"trevo heitor fogaça, 69 barão homem de melo 1ª seção 34306183 araújo / ap",RS
Breno Moura,98005550277,76.0,18/07/1948,residencial almeida morro dos macacos 43612313 araújo do oeste / rn,PE
Emanuella Azevedo,85499165603,105.0,17/06/1919,"jardim de jesus, 4 braúnas 13129309 sales de sales / rs",BA
Sr. Nicolas Rocha,16844821940,96.0,17/05/2036,"passarela araújo, 79 lagoinha leblon 54112924 lima de minas / am",AC
Dr. Henrique Rezende,97485942760,80.0,05/10/1944,"avenida de da mota, 48 parque são josé 80466-988 lopes / rn",PE
Ana Luiza Ramos,81335132045,96.0,14/10/2025,"recanto pereira, 694 jardim montanhês 53203244 castro do sul / se",RS
Natália Dias,20939100719,96.0,25/09/2049,"parque noah alves, 5 granja de freitas 98934270 lopes da praia / pb",MA
Kaique Araújo,32105306465,96.0,05/09/2046,"via yago da mota, 1 vila maloca 92426-715 da luz / ro",PR
Thiago Silva,47634946069,96.0,,,RS
Breno Dias,84022583210,110.0,25/06/1914,viaduto emanuella silva prado 83526120 cavalcanti de ramos / pa,PA
Dra. Emanuelly Ramos,33752927559,97.0,23/02/1928,"colônia de da conceição, 5 lourdes 52403-624 farias / mt",PA
Paulo Aragão,48908314785,96.0,14/04/2036,"loteamento vitor viana, 27 vila da paz 37863606 santos / al",BA
Maria Vitória Ferreira,22478573728,96.0,,,AC
Dr. Enrico Duarte,11791744768,96.0,08/08/2045,vereda de fernandes mineirão 17137768 farias do oeste / ba,BA
Benjamin Pinto,38346434334,108.0,08/07/1916,"alameda aragão, 3 serrano 77042-631 costela / df",SE
Alexandre Ribeiro,13178911967,96.0,,,DF
Ana Laura Cunha,27650303292,82.0,01/06/1942,"sítio igor porto, 87 palmeiras 80491-725 rodrigues do galho / ba",RS
Stella Da Mota,93575571281,106.0,14/07/1918,"avenida de carvalho, 6 são cristóvão 94684934 lopes / rn",PI
Agatha Correia,59132223233,104.0,12/03/1921,"rua souza, 273 granja werneck 89132-159 da costa de caldeira / pe",PR
Sophia Silveira,65419998545,96.0,06/02/2040,"área rebeca fernandes, 73 cidade jardim taquaril 52128319 pires de da paz / pr",DF
Leonardo Castro,10462439006,96.0,12/11/2037,"praça de caldeira, 543 lagoa 54308-832 monteiro da praia / am",MA
Daniel Lopes,52560691023,96.0,,,PI
Thiago Campos,26024990517,96.0,12/12/1900,"favela gonçalves, 69 anchieta 80614-830 campos / rn",AM
Dr. Benício Pires,89079739865,96.0,17/07/2027,"pátio azevedo, 8 vila dos anjos 33053-167 moreira / mg",AP
Marina Rezende,56862083848,96.0,10/07/2037,"núcleo davi lucca cavalcanti, 51 vila inestan 70083-615 da paz do norte / sp",PE
Ryan Vieira,41955524489,96.0,26/07/2036,"sítio de nogueira, 96 vila coqueiral 22323-798 da luz / al",MT
Mirella Das Neves,39457952429,96.0,26/04/2026,"área ana clara viana, 113 cachoeirinha 24155-074 nogueira da prata / pb",SC
Luiz Henrique Lopes,37736293461,80.0,07/06/1944,"vereda luna ramos, 88 boa união 2ª seção 39857015 cardoso / am",RS
Otávio Freitas,97247969637,96.0,14/03/2044,lagoa de da conceição são joão 78697051 da conceição de da costa / ba,RN
Dr. Luiz Otávio Oliveira,38766920592,81.0,27/10/1943,"parque olivia da paz, 48 vila havaí 29549-679 da cruz de pereira / ap",RO
Sra. Bianca Viana,34501682660,96.0,17/11/2033,"viela maria sophia melo, 5 aeroporto 18247770 vieira / ce",ES
João Vitor Ferreira,14323671562,74.0,05/10/1950,"lagoa joão gabriel melo, 56 marieta 1ª seção 26790060 jesus / ma",PA
Carolina Gonçalves,29091647888,78.0,10/08/1946,"colônia silveira, 293 leticia 26363-588 fernandes de costela / es",AP
Gabrielly Farias,56602899536,96.0,13/01/2032,"fazenda cardoso, 34 coração eucarístico 36842827 da luz de souza / pi",AM
Henrique Freitas,67533929402,80.0,10/03/1945,"largo de lima, 50 petropolis 28107-052 peixoto / rj",RJ
João Lucas Da Paz,27926524529,96.0,24/02/2042,"vale calebe oliveira, 8 nova esperança 91215598 ferreira paulista / ap",RO
Marina Da Paz,29560305527,96.0,12/08/2035,"vale de alves, 21 jardim guanabara 53096-470 pires do campo / pb",PB
Yasmin Jesus,86716199987,107.0,12/11/1917,esplanada de ribeiro ventosa 36027-336 da costa de cunha / rs,ES
Maria Clara Santos,91261527038,96.0,11/03/2047,"rodovia da rosa, 692 nova gameleira 00464349 oliveira de oliveira / am",AP
Breno Alves,19578021338,96.0,22/07/2034,"pátio de moreira, 2 vila fumec 92699-178 oliveira / pi",MA
Rodrigo Farias,97411185601,105.0,24/10/1919,"praça carvalho, 2 saudade 07983-246 silveira / ce",CE
Luiza Monteiro,87397870567,99.0,22/07/1925,"avenida pires, 372 lorena 77136-756 gomes de mendes / ro",RO
Heloísa Carvalho,49862227071,103.0,25/09/1921,"feira jesus, 62 inconfidência 70026-451 campos dos dourados / rj",RO
Luiz Miguel Rocha,29251698469,96.0,20/07/2048,"rodovia pereira, 20 santa margarida 37673029 martins / ap",MA
Ana Laura Nunes,25889954292,96.0,02/10/2032,"ladeira de melo, 23 buraco quente 52936580 gonçalves da mata / ap",MS
Marcos Vinicius Nunes,34424693505,96.0,15/04/2034,"núcleo porto, 6 graça 10217494 gomes / rr",PE
Mirella Nascimento,17537259491,96.0,24/08/2035,"lagoa alice gomes, 90 santa maria 44014-965 fogaça de pereira / ac",RS
Olivia Ramos,62296409356,107.0,20/07/1917,residencial esther gomes jardim dos comerciarios 32680852 aragão paulista / pi,PA
Dr. Bruno Farias,87504941936,96.0,24/05/2045,"estrada de sales, 4 bonsucesso 18191-400 nascimento do campo / pb",SE
Maysa Nascimento,85665058237,96.0,06/08/2043,"área de jesus, 95 conjunto bonsucesso 23130533 carvalho / df",SC
Benjamin Araújo,99286791611,84.0,21/01/1941,"viaduto viana, 94 vila paquetá 64535-080 azevedo de da costa / pe",SE
Sarah Moura,19825015034,96.0,10/10/2035,pátio de caldeira minas brasil 35868-006 barbosa / rr,TO
Raul Gomes,63420772347,96.0,,,AP
Ian Das Neves,74892775790,83.0,13/09/1941,"ladeira de da luz, 32 renascença 31157979 dias / ac",MT
Ana Vitória Gomes,18765065596,103.0,25/01/1922,"jardim carvalho, 611 pantanal 51200294 cardoso / ro",AC
Dra. Alice Sales,66656617650,96.0,,,CE
Sra. Isabel Santos,44464042379,98.0,13/02/1927,"vereda nicolas da rosa, 92 santa terezinha 14368-800 castro / ro",PI
Joana Moreira,82997070866,96.0,02/06/2041,"praia rafaela nascimento, 63 nova vista 51996109 nascimento de da rosa / ba",RJ
Leonardo Rezende,83296563062,94.0,10/01/1931,"núcleo de viana, 61 chácara leonina 43689533 novaes / sp",SE
Alice Pereira,94353306528,96.0,28/05/1902,"estrada lívia martins, 21 tres marias 83429739 da paz / al",SC
Cauê Rocha,18913493655,96.0,13/11/2042,"recanto de freitas, 807 ambrosina 85310255 barbosa do galho / ba",MA
Leonardo Lopes,78034672196,96.0,,,AL
Caroline Rezende,35715022953,96.0,02/06/2043,"setor campos, 93 petropolis 33596-054 rocha da praia / al",TO
Diogo Martins,84586704870,96.0,24/01/2034,"residencial gonçalves, 971 pirineus 82508-508 barbosa / sc",SE
Dra. Isabella Aragão,84370781728,96.0,19/03/2027,"praia de moura, 23 jardim dos comerciarios 72608481 sales / sp",MA
Dr. Heitor Viana,54864018339,92.0,19/06/1932,"loteamento de azevedo, 44 pindura saia 11938-360 jesus de goiás / ms",AP
Mirella Melo,76146356043,78.0,20/04/1947,"pátio de almeida, 241 solimoes 28286-122 oliveira de mendes / pb",PB
Maria Clara Moreira,96809716588,96.0,18/12/2034,"jardim de nascimento, 5 mantiqueira 30290666 dias dos dourados / pi",RS
Vitor Gabriel Rodrigues,43582779474,106.0,04/05/1919,"loteamento marcelo moura, 32 nova pampulha 08060-921 freitas de goiás / rj",MG
Mariane Nascimento,90078582743,83.0,01/08/1941,viela pereira marieta 2ª seção 80623513 da cruz / mt,SE
Milena Barros,99227006346,96.0,18/11/2039,"quadra de da rocha, 75 vila tirol 10122-136 barros / ac",SE
Noah Caldeira,95343254333,96.0,,,MT
Srta. Daniela Da Rocha,36216406675,95.0,06/11/1929,"jardim joão gabriel campos, 8 alto barroca 46428-237 da paz / rj",AM
Dra. Isadora Cardoso,63151862659,109.0,21/01/1916,"ladeira de novaes, 18 carlos prates 27693-976 fogaça / rj",PI
Heloísa Silveira,71979419711,96.0,19/05/2048,"loteamento emilly almeida, 8 teixeira dias 46178-929 alves / ro",RS
Sr. João Vitor Oliveira,31077221311,96.0,04/05/2036,"trevo silveira, 91 solar do barreiro 67786001 pereira / ro",RR
Matheus Moraes,48465256383,96.0,12/12/2045,"viela de peixoto, 5 granja werneck 09595-923 fogaça de minas / df",PA
Thiago Monteiro,22371604856,96.0,17/02/2042,"condomínio de gomes, 76 são josé 09293118 almeida do sul / am",RJ
Srta. Isabel Correia,87587639141,96.0,02/05/2050,"praça gomes, 1 caetano furquim 96947942 pinto das flores / se",MS
Bernardo Da Cruz,37935859218,96.0,13/03/2026,"favela de silveira, 67 vila coqueiral 30371-733 rodrigues / sp",BA
Breno Melo,32588133569,96.0,21/12/2046,"largo carvalho, 23 fernão dias 12336-911 nascimento do norte / ro",MA
Gustavo Henrique Ramos,76871145284,74.0,14/05/1950,"parque felipe rezende, 32 centro 99888-266 da mota / ro",PB
Dra. Ana Rezende,30078801054,96.0,10/06/2049,"esplanada joão felipe freitas, 5 engenho nogueira 92478-946 costa do campo / mg",PB
André Lima,81726571281,96.0,17/09/1901,"estação moreira, 264 bairro das indústrias ii 95710-993 nascimento / ba",MG
Erick Vieira,83324576678,96.0,18/04/2040,"lagoa lorena sales, 23 são pedro 84450-527 mendes / rs",AL
André Da Rocha,80934933487,96.0,,,DF
Maysa Rezende,97788475071,93.0,06/07/1931,"parque souza, 26 pompéia 06611-977 pinto de monteiro / pi",AM
Emilly Costa,32908230980,96.0,16/04/1901,"vila de silva, 67 cônego pinheiro 1ª seção 11232-650 vieira / sp",PB
Rafaela Silva,58388148271,77.0,02/06/1947,"loteamento bruno silva, 6 vila engenho nogueira 85391-382 oliveira do amparo / ce",ES
Vitória Da Rosa,72708653840,96.0,26/04/2042,"recanto de da cruz, 318 camponesa 1ª seção 62663532 oliveira / al",MT
Benjamin Silveira,56185904160,99.0,27/03/1926,"vila eduardo da luz, 3 vila são paulo 35753325 silveira / al",PE
Sr. Carlos Eduardo Correia,50233327016,96.0,28/06/2025,"largo isaac da cruz, 33 são jorge 3ª seção 12956013 carvalho / ro",PR
Bernardo Pinto,28507608462,96.0,27/04/2027,"campo marina caldeira, 5 penha 80389-760 freitas / es",BA
Lívia Viana,20934073486,96.0,,,PI
Davi Lucas Monteiro,62258448936,96.0,04/07/2038,"vereda de peixoto, 105 salgado filho 91237-336 moreira / se",SP
Marcos Vinicius Rodrigues,61727054503,84.0,15/10/1940,"fazenda de souza, 99 palmares 00566670 porto / es",PB
Manuela Costela,68697987916,96.0,13/08/2041,"chácara joana santos, 302 barão homem de melo 2ª seção 59013540 ramos / pa",MS
Pedro Miguel Aragão,30169194084,96.0,03/11/2045,"favela pedro henrique lopes, 87 vila nova cachoeirinha 1ª seção 46177361 silva do sul / ba",MS
Sophia Barros,93500233626,96.0,20/07/2045,"feira de da conceição, 810 flamengo 93982-044 da rocha de nunes / al",ES
Brenda Silva,61513861204,96.0,09/09/2029,feira moreira santa helena 55182526 ribeiro da prata / ap,SP
Nicole Nogueira,71917573445,79.0,25/11/1945,"rua alice ramos, 347 santa rosa 88354-414 freitas / ap",RR
Lucas Pereira,99046579885,96.0,28/11/2027,"passarela heitor barros, 722 castelo 59731-119 ribeiro / ac",BA
Alexia Nunes,97785178208,80.0,18/05/1944,parque de fogaça santa helena 88765-569 cardoso de costela / df,MG
Sra. Joana Das Neves,82484329407,96.0,14/11/2044,"alameda de campos, 77 estrela 03392860 rezende / sp",GO
Matheus Aragão,96819112056,96.0,18/04/2049,"quadra vieira, 2 união 32216796 carvalho / se",BA
Nina Ramos,65869584102,90.0,10/08/1934,"vale maitê azevedo, 51 são paulo 44658-164 monteiro de da conceição / ro",RJ
Julia Da Costa,58426017188,76.0,26/08/1948,"rodovia clara gomes, 2 mangueiras 94270102 ferreira da mata / rj",SC
Lucca Freitas,43764225849,94.0,11/08/1930,"estação evelyn fogaça, 83 vila nova cachoeirinha 2ª seção 29561430 fernandes do oeste / rr",TO
Raul Da Cruz,12374827744,96.0,20/07/1903,"conjunto de da mata, 573 lagoinha 75873684 ferreira de minas / rj",MA
Sr. Antônio Souza,55612493364,96.0,19/05/2046,sítio luigi ribeiro heliopolis 20626440 moreira / mt,RO
Marcelo Cardoso,76686262829,96.0,04/12/2037,"parque kaique da costa, 81 nazare 33870-935 da paz de goiás / mt",RJ
Dr. Enzo Correia,17973502427,107.0,03/01/1918,"setor camila duarte, 800 horto 46327-390 azevedo / rn",MA
Fernanda Da Luz,52529405233,96.0,01/04/2029,trecho silveira universo 65049805 cunha / ro,CE
Caroline Da Luz,55213707988,96.0,21/09/2028,"conjunto santos, 37 vila de sá 91484-953 cardoso / am",PE
Maria Fernanda Nogueira,81474873319,84.0,25/11/1940,"vereda de cardoso, 48 vila havaí 68113237 viana / pa",PB
Srta. Maria Vitória Silveira,25996085186,106.0,17/01/1919,"rodovia lara aragão, 57 são damião 20211-059 oliveira / se",DF
Emilly Da Conceição,79553503002,87.0,04/06/1937,"vale de da cunha, 39 são jorge 2ª seção 29129045 martins das pedras / mg",TO
Brenda Lima,58266613250,102.0,19/10/1922,"área de da luz, 9 cidade jardim 43011-427 oliveira / rn",ES
Thiago Pinto,62535713643,96.0,02/05/2046,"condomínio de rodrigues, 46 santa cruz 57381004 farias / es",PR
Srta. Amanda Fernandes,72215026297,95.0,02/07/1929,"esplanada melissa dias, 20 vila inestan 27402-840 ramos / pr",BA
Maria Cecília Barbosa,54945526991,77.0,18/05/1947,"travessa thales fogaça, 446 liberdade 76548-174 pereira das flores / rj",PR
Benjamin Rodrigues,62815399669,96.0,09/10/2038,"feira de moreira, 22 pilar 64739-369 freitas de minas / pi",ES
Stella Araújo,16365507197,104.0,03/09/1920,"campo fernandes, 99 vila da paz 82169802 nogueira / mg",TO
Alexandre Da Mota,37197954503,96.0,,,AM
Yago Freitas,63270307344,96.0,18/05/2030,"parque lima, 3 universo 18815653 da costa / rn",RO
Marcos Vinicius Porto,22594259418,94.0,16/06/1930,"sítio joão gabriel moura, 89 castelo 34317281 aragão de viana / pi",CE
Francisco Gomes,89711965094,96.0,03/09/2037,estação pires guarani 88051815 ribeiro / ac,RS
João Aragão,79905468165,84.0,07/05/1940,"parque moraes, 349 conjunto jardim filadélfia 41697399 mendes de minas / pa",GO
Davi Luiz Moura,83402240377,99.0,03/01/1926,"avenida danilo cavalcanti, 2 horto 12239592 ramos / ac",RS
Isabelly Gonçalves,14133609271,85.0,28/11/1939,"morro de cardoso, 63 vila canto do sabiá 14924-562 araújo / rj",BA
Bernardo Da Cruz,95032717778,96.0,16/12/2036,"jardim da conceição, 7 juliana 86021233 rocha de minas / pb",MT
Clarice Cardoso,91645183654,96.0,05/08/2049,"praça mariane barbosa, 894 teixeira dias 12710-465 peixoto / pr",SE
Dra. Milena Farias,80387651310,85.0,18/10/1939,"quadra de carvalho, 180 vila inestan 79543-981 alves de goiás / ba",ES
Isabelly Dias,30066726010,79.0,06/07/1945,"loteamento pinto, 62 ventosa 94852-841 oliveira da praia / rs",PE
Sra. Rafaela Das Neves,40111505655,96.0,,,SC
João Vitor Dias,33162606206,96.0,28/06/2038,"distrito de souza, 12 vila ecológica 17679-403 porto de goiás / sc",PB
Srta. Stella Da Conceição,13067420484,96.0,,,SP
Anthony Gonçalves,76753981921,96.0,11/02/2047,"parque lavínia freitas, 27 vila antena montanhês 41456989 teixeira / es",PI
Rebeca Nascimento,71215877824,96.0,,,RR
Dr. João Nunes,68268934296,96.0,09/07/2037,"estrada laura correia, 96 vila satélite 88301507 rodrigues / rr",RR
Lavínia Carvalho,92631267988,96.0,20/02/2028,"setor cardoso, 15 vila independencia 1ª seção 99043800 cavalcanti de carvalho / go",RJ
Bruna Cunha,47540819856,96.0,10/09/2046,"loteamento de costela, 306 barreiro 46427-444 moraes / pa",RR
Nathan Lopes,90986562407,107.0,20/08/1917,"jardim de sales, 828 lourdes 81215-343 moraes / mt",TO
Esther Azevedo,17609155830,96.0,28/01/2049,"via ribeiro, 58 alta tensão 1ª seção 84303-918 da rosa / rs",PA
Fernanda Costa,47418589459,96.0,,,CE
Luigi Alves,17143231109,96.0,11/05/2043,"sítio de costa, 85 alpes 78276386 nogueira / ro",PA
Julia Melo,20424015292,96.0,,,SC
Manuela Rocha,96665122235,96.0,,,PA
Eloah Viana,35563886934,96.0,,,AC
Dra. Alana Costela,66827357313,99.0,17/05/1925,"estação de novaes, 88 são paulo 63562-494 da mata / to",SE
Eduarda Fernandes,83669566122,96.0,20/03/2026,"avenida de rodrigues, 80 floramar 03500020 moreira de carvalho / am",TO
Bruno Lopes,41848911152,109.0,20/12/1915,vereda caio gomes são lucas 47649254 da costa da mata / pa,PE
Milena Da Mota,48457306923,97.0,27/08/1927,"sítio de silveira, 7 universo 68899-751 fogaça / pe",CE
Rodrigo Caldeira,36848812949,93.0,19/11/1931,"estação letícia azevedo, 3 vila paraíso 95115-976 lopes / to",SE
Levi Caldeira,37151635737,96.0,27/01/1904,"alameda teixeira, 19 vila nova dos milionarios 67654-014 rocha de monteiro / ma",PA
Luna Da Mata,91709457146,107.0,01/06/1917,"viela de alves, 50 satelite 41504992 da rocha / mt",DF
Catarina Cardoso,62315137364,79.0,08/09/1945,"pátio joão miguel farias, 628 vila madre gertrudes 3ª seção 32997491 mendes / ap",BA
Benjamin Teixeira,95507181543,77.0,01/12/1947,"vereda de santos, 2 serrano 88756488 santos / pa",MA
Ana Carolina Pereira,99423881785,96.0,17/12/1901,núcleo pedro vieira vila das oliveiras 04043554 moura de silveira / ap,PA
Luiz Miguel Da Mota,15680255694,108.0,18/02/1917,"parque lorena moreira, 6 nova gameleira 50872-701 fogaça de da costa / pe",PR
Samuel Costela,64862127588,87.0,23/10/1937,"morro lara nunes, 69 grota 23541313 ribeiro alegre / pr",PE
Carolina Duarte,11301406222,96.0,26/02/2033,"lago de mendes, 67 santa maria 20914468 silva / es",MG
Davi Lucca Rezende,48583186895,96.0,21/02/2036,área sales olhos d'água 46017-766 azevedo dos dourados / df,SP
Marina Nunes,29826709547,96.0,,,BA
Miguel Das Neves,28579092653,82.0,05/11/1942,"praia de pires, 16 vila jardim montanhes 35876-692 santos do sul / pe",RS
Sarah Souza,63943810845,96.0,,,MS
Daniel Jesus,52105244085,96.0,21/08/2026,"estrada de gomes, 38 conjunto capitão eduardo 04595352 santos alegre / pi",DF
Yago Carvalho,22306857287,96.0,21/07/2048,"feira de porto, 42 campo alegre 34086-322 teixeira / pa",RN
Giovanna Freitas,91258259737,96.0,26/05/2043,"alameda da conceição, 5 vila paris 06558875 silva / ba",TO
Thales Rezende,53192862124,80.0,10/08/1944,"morro gonçalves, 95 jardim leblon 52031559 martins / mg",PE
Enzo Cardoso,10780850352,96.0,,,SE
João Felipe Teixeira,13562052309,107.0,16/08/1917,"colônia da rosa, 6 providencia 34750500 moura / mg",RR
Juliana Farias,57520913959,96.0,24/09/1902,"avenida alves, 96 novo ouro preto 68220-784 teixeira / es",SP
Bárbara Moraes,10544760265,96.0,25/11/1900,"loteamento joão gabriel dias, 87 vila são paulo 41093024 barros do sul / es",MT
Sra. Ana Luiza Dias,87267089354,96.0,27/08/2043,recanto viana camponesa 1ª seção 44133-883 da cunha de jesus / rr,TO
Luiz Gustavo Da Cunha,33322293277,96.0,27/11/2048,"núcleo de fogaça, 2 vila antena montanhês 89933-371 rocha / ms",BA
João Caldeira,95682212686,96.0,,,DF
Luiza Cunha,53522774951,96.0,24/12/2043,campo de lima tiradentes 18367-509 barbosa de moraes / to,MA
Pietro Ferreira,42894176063,85.0,28/06/1939,"trevo de da cruz, 10 vila pilar 68158-357 duarte do campo / ma",RR
Samuel Novaes,12705989705,77.0,24/06/1947,"esplanada maitê barros, 536 conjunto floramar 91356175 monteiro grande / pa",RR
Alícia Campos,36820050058,96.0,06/03/2048,"quadra agatha da luz, 82 jaqueline 36087-011 barbosa / pa",AC
Esther Lopes,82607772219,96.0,,,RO
Eloah Nunes,76621438702,80.0,23/04/1945,"fazenda de da mata, 21 novo são lucas 42246816 pires / am",AP
Samuel Ferreira,52738614003,94.0,06/01/1931,"rodovia lopes, 57 virgínia 15441-913 souza / sp",DF
Davi Lucca Gomes,70481691625,91.0,14/04/1934,"trevo de cavalcanti, 30 palmares 34074-799 oliveira paulista / pi",RJ
Ana Vitória Azevedo,13351864894,81.0,04/06/1943,"residencial de barros, 30 santa lúcia 18333364 ribeiro / pe",TO
Sr. Vitor Costela,50403211538,96.0,05/08/2041,"colônia luiza cardoso, 19 vila paris 99446-929 ferreira do campo / am",MS
Manuela Duarte,35340124747,110.0,05/11/1914,"campo luiz miguel cunha, 21 são benedito 29373-313 mendes de porto / rs",PR
Paulo Silva,76109289644,77.0,10/10/1947,"campo de da cruz, 557 conjunto bonsucesso 33709-897 rezende / es",CE
Emanuelly Cavalcanti,92751498356,96.0,26/03/2047,"rodovia miguel silveira, 57 nova granada 61642466 monteiro / se",SE
Dra. Marcela Monteiro,80231234694,98.0,02/10/1926,"chácara leonardo nascimento, 66 vila bandeirantes 08853-757 costela do oeste / pi",MT
Helena Araújo,80885395495,96.0,12/02/2032,"estrada pinto, 34 vila independencia 1ª seção 79735-584 cardoso / sc",CE
Nina Da Luz,20318606838,96.0,,,ES
Lívia Nunes,61436284329,96.0,27/03/2029,"vereda monteiro, 35 novo santa cecilia 18368-223 ferreira da serra / rr",SP
Mariane Da Mata,88405452332,96.0,03/03/2034,"jardim de santos, 1 estrela do oriente 55760-067 da mota das pedras / rn",AM
Lorenzo Almeida,56083445159,99.0,16/11/1925,"viela enrico santos, 4 são marcos 82604-541 pereira / rn",DF
Yago Novaes,12568476800,75.0,26/04/1950,"rua almeida, 207 providencia 07662-462 oliveira / ro",AL
Bruna Cardoso,87557557435,96.0,01/01/2030,"parque de cardoso, 3 calafate 43471-481 lima / ms",MG
Sr. Marcos Vinicius Mendes,12785977121,83.0,10/06/1941,rodovia fernando moura vila nova gameleira 1ª seção 51982585 pires das pedras / pa,MS
Pedro Henrique Sales,73789674984,95.0,08/09/1929,passarela castro piratininga 59159-891 lima do campo / ro,MA
Levi Barbosa,71750845844,92.0,02/04/1933,"residencial almeida, 51 barão homem de melo 1ª seção 84161-299 rocha / rn",SE
Kevin Moreira,14109808589,96.0,28/08/2028,"fazenda de silveira, 52 são paulo 75490-787 moraes do oeste / to",RS
Gabriel Silva,17848878106,96.0,27/03/2026,"praia nicole costa, 9 conjunto minas caixa 02309-921 freitas / sp",SC
Luigi Farias,27227388280,96.0,27/01/2042,"vila elisa araújo, 69 estrela do oriente 17371-923 barbosa do oeste / to",SE
Isaac Da Costa,95524989880,96.0,,,PA
Gustavo Henrique Fogaça,98529458692,96.0,24/12/2026,chácara de mendes vila nova dos milionarios 23554-997 correia / sc,MA
Luiz Henrique Da Mata,19781046326,96.0,12/06/2029,"avenida dias, 726 senhor dos passos 36147-989 araújo das pedras / am",AM
Otávio Barbosa,36402103752,109.0,16/02/1916,"condomínio de teixeira, 68 são damião 64043-313 rezende de novaes / to",AM
Bryan Dias,74003735749,96.0,22/11/2030,"estação leandro lopes, 88 indaiá 93484-653 carvalho / ac",AL
Luiza Santos,20345556896,96.0,27/02/2048,"residencial de souza, 2 laranjeiras 09419061 campos do campo / pa",PA
Srta. Sofia Jesus,13682011707,96.0,04/02/2030,"largo yasmin barbosa, 5 dom joaquim 59784417 freitas / ma",RR
Valentina Nascimento,21014581297,78.0,23/10/1946,"avenida eloah da costa, 59 gutierrez 38191-526 pinto paulista / rn",AL
Elisa Ribeiro,39824679697,96.0,,,RR
Ana Clara Da Rocha,30482605269,96.0,05/04/2030,vila viana jardim vitoria 25619291 novaes do campo / sp,SP
Dra. Alice Lopes,84936635250,96.0,12/01/2045,"núcleo de silveira, 9 milionario 76152-427 porto de vieira / pi",CE
Sr. Enrico Da Mata,88252316367,96.0,05/12/2048,"lagoa da mota, 9 vila atila de paiva 99429547 moura da prata / es",RJ
João Miguel Melo,41165162469,96.0,09/01/2045,"viaduto da conceição, 91 madre gertrudes 62725-330 oliveira do campo / sc",DF
Vitor Gabriel Ribeiro,69290529408,96.0,07/10/2049,"ladeira farias, 199 são paulo 84055779 lopes / ro",BA
Srta. Catarina Rezende,21881019986,96.0,12/06/2032,"pátio azevedo, 566 vila nova paraíso 78691-997 martins / pe",PR
Luiz Otávio Da Costa,70875672013,96.0,27/04/2047,"vila de cardoso, 7 vila paraíso 73450380 barros / rs",SP
Lorena Nascimento,11116650705,96.0,14/12/2036,"conjunto de pinto, 70 penha 67736616 castro de cardoso / ms",SE
Natália Da Paz,81412002071,107.0,16/01/1918,"jardim de da rocha, 4 camponesa 2ª seção 76249-318 da conceição grande / am",RN
João Lucas Lima,60365865378,91.0,08/06/1933,"favela joão vitor gomes, 82 teixeira dias 30719-361 da paz / pb",RN
Sr. Yuri Santos,45495120400,96.0,25/05/2025,"quadra santos, 81 vila betânia 04085-608 gonçalves da serra / se",TO
Dra. Milena Monteiro,88267843363,101.0,28/01/1924,"lago barros, 69 grotinha 93252-671 pereira da praia / sc",PR
Dr. Vicente Pinto,30158899031,96.0,03/09/2036,rodovia de alves mirtes 82336185 pires / rn,AM
Eduarda Da Cruz,55965590588,96.0,09/03/2039,"conjunto martins, 581 juliana 53508-393 da mota / df",RS
Bruna Santos,66592151997,108.0,28/06/1916,"esplanada barbosa, 71 unidas 19368-353 nunes / al",MS
Paulo Porto,99083030415,96.0,08/09/2040,"feira rafael barros, 2 aeroporto 64635641 castro de minas / rr",RR
Elisa Ribeiro,14787368417,96.0,05/02/2041,sítio silveira vila formosa 54400-707 rocha do amparo / se,RO
Srta. Natália Fernandes,16031048572,96.0,17/08/2033,esplanada de castro prado 93361186 monteiro / pb,GO
Mariane Correia,19867918698,96.0,12/10/2046,"trevo esther pires, 524 são salvador 81773781 pinto da praia / pa",PR
Erick Novaes,30702990772,77.0,04/04/1948,"avenida yuri pereira, 79 conjunto novo dom bosco 66228-375 silva do norte / pi",PB
Srta. Maria Sophia Pinto,97692594438,89.0,15/07/1935,"estrada de caldeira, 66 virgínia 48896780 costela / se",PA
Sra. Bárbara Ribeiro,18108905357,96.0,06/05/2028,estrada marcos vinicius aragão marçola 83605-860 caldeira / pb,RS
Sr. Vitor Gabriel Sales,48850521917,106.0,26/02/1919,avenida isadora moraes alto das antenas 60848-979 da mata das pedras / sc,AC
Fernando Araújo,51541530671,96.0,,,TO
Dr. Paulo Moraes,31736325165,96.0,02/10/2025,"campo de sales, 81 castanheira 98619-872 novaes / ac",AP
Kamilly Cavalcanti,62561851226,96.0,05/11/2038,"avenida lucas cavalcanti, 94 liberdade 89421-593 peixoto / pb",PA
Dr. Thales Azevedo,44546445677,110.0,22/02/1915,"trecho brenda rodrigues, 69 pedreira padro lopes 13928300 novaes alegre / ms",PE
Vicente Ribeiro,17514873532,105.0,05/03/1920,"passarela de pires, 84 aeroporto 65015349 da conceição / rr",MT
Juan Peixoto,76318338625,96.0,23/02/2033,"largo mirella costela, 5 zilah sposito 73641977 cavalcanti dos dourados / go",RO
Sra. Caroline Araújo,56123772668,96.0,19/06/2044,"conjunto de da cunha, 72 alto das antenas 04743414 da costa / ac",PA
Emanuelly Nascimento,12741462352,96.0,15/12/2031,"aeroporto joão nogueira, 68 mirtes 23469-803 fernandes de gomes / rs",MT
Heloísa Nunes,65285713318,96.0,01/07/1902,"aeroporto pedro miguel dias, 41 vila ipiranga 48045151 rezende de da luz / to",ES
Erick Pinto,75222839204,110.0,05/12/1914,"fazenda nicolas rodrigues, 654 vila paris 90564-595 cardoso / df",SP
Bruna Costa,84013343183,96.0,17/07/2030,"núcleo ana laura duarte, 50 vila nova gameleira 1ª seção 59330-974 cardoso de da luz / rr",BA
Marcos Vinicius Pereira,91481698007,96.0,23/05/2045,"favela de freitas, 6 marajó 91513721 da cunha / mg",RS
Sr. João Felipe Rodrigues,39954113470,96.0,17/04/1929,"setor ryan souza, 3 vera cruz 43253-408 da costa / ms",RJ
Dr. Kevin Porto,38033666110,108.0,15/06/1916,"sítio gomes, 796 carlos prates 12466-484 cavalcanti da prata / pb",GO
Anthony Ferreira,84236029392,105.0,02/05/1920,"ladeira de nascimento, 80 chácara leonina 60450-441 da costa / sp",MA
Caroline Da Mata,77953120302,96.0,14/08/2048,"rodovia renan oliveira, 237 penha 31430362 costa / rr",TO
Sr. Murilo Fogaça,78627699851,96.0,25/01/2031,"colônia de melo, 67 mineirão 01674-511 silveira do amparo / pb",MG
Luiz Felipe Da Mota,15328352996,77.0,24/06/1947,avenida de caldeira custodinha 19605-550 correia / ms,ES
Lorenzo Caldeira,33241558600,96.0,17/07/2039,"feira de jesus, 45 mantiqueira 22117-370 cardoso verde / ro",ES
Eduardo Moura,22745116235,108.0,10/02/1917,"parque sophie rocha, 20 graça 21529-028 gonçalves / se",AM
Isabel Lima,57868633954,89.0,05/08/1935,"jardim ramos, 344 bela vitoria 59935059 da mota do amparo / ms",AL
Heitor Correia,56042674652,96.0,12/01/2044,"esplanada maria alice duarte, 14 jaqueline 01451644 vieira / ce",DF
Lucca Nunes,20941039253,87.0,23/10/1937,"feira de freitas, 630 vila ipiranga 60320691 da rosa dos dourados / pb",RO
Lívia Teixeira,26087422061,96.0,20/03/2050,"largo moreira, 90 teixeira dias 45720321 souza / to",MG
Sra. Lorena Martins,59592092062,85.0,22/09/1939,"feira joão felipe barbosa, 25 conjunto paulo vi 62809-704 das neves das pedras / ma",PI
Sophia Nascimento,36904720192,96.0,16/11/2026,"favela campos, 960 horto florestal 21477317 costela do amparo / ce",AL
Sr. Kaique Moreira,94944392241,80.0,12/02/1945,"viela de da luz, 799 palmeiras 08961-954 gonçalves / mg",MG
Henrique Aragão,49669371744,88.0,02/12/1936,"lagoa alice ramos, 7 são joão 87609-725 almeida / pb",RS
Ana Beatriz Souza,55422985905,96.0,24/04/2028,"recanto de castro, 28 marçola 45783-425 sales paulista / pi",ES
Paulo Teixeira,78289900377,96.0,02/01/2033,"núcleo de pires, 389 olaria 26743038 monteiro / pi",AC
Emanuel Correia,57685259352,96.0,07/07/2026,"chácara de das neves, 94 são tomaz 38545146 duarte da mata / se",CE
Fernanda Mendes,63283054598,100.0,20/07/1924,"loteamento castro, 9 vila pinho 73492-227 barbosa / mt",MT
Alícia Monteiro,99793271293,96.0,,,MA
Maria Fernanda Rezende,91401197837,74.0,13/12/1950,feira santos cardoso 68455-341 da cruz do sul / rn,ES
Henrique Ferreira,78883470836,96.0,28/10/2033,chácara azevedo ouro minas 52673896 lopes / pe,AL
Sr. Luiz Miguel Ribeiro,85913106684,105.0,04/01/1920,"parque melo, 27 madre gertrudes 69857-682 moreira / ap",MT
Yuri Gomes,67177432612,92.0,05/02/1933,"estrada kaique araújo, 18 buritis 47004-147 barros dos dourados / mg",PI
Dr. Davi Luiz Jesus,60626477464,96.0,24/10/2032,parque luigi santos cdi jatoba 47156753 moraes de minas / se,AM
Vinicius Moreira,18939706939,96.0,19/09/2047,"setor emanuelly costa, 56 vila primeiro de maio 15116-285 carvalho de das neves / sc",MA
João Lucas Gomes,92711759391,96.0,16/03/2040,conjunto joão pedro cardoso ribeiro de abreu 08543584 castro / rj,RN
Sr. Lucas Cardoso,45783669114,100.0,18/05/1924,"viaduto fogaça, 9 granja de freitas 16362-754 pires dos dourados / sc",AP
Srta. Sophia Fernandes,34970740801,96.0,04/03/2038,"fazenda juliana silveira, 65 buraco quente 07713-390 nascimento / ro",DF
Maria Clara Duarte,71042490759,96.0,18/10/2043,vale calebe castro vila bandeirantes 57661442 vieira / se,MT
Melissa Freitas,45663123614,96.0,28/05/2044,"avenida de campos, 90 vale do jatoba 18346706 rodrigues / ba",MA
Marcos Vinicius Nogueira,50272681806,97.0,26/03/1928,"vila de carvalho, 9 marmiteiros 80191958 da mota / pb",AL
Marina Vieira,40813860438,91.0,09/11/1933,"fazenda de dias, 811 jardim felicidade 39312-114 barros / pi",AM
Gabriela Da Rosa,32401563933,79.0,20/02/1946,parque gabriel da mata itatiaia 55392-802 campos / se,RS
Catarina Silva,15011487003,96.0,,,BA
Luigi Peixoto,59595468155,96.0,05/10/2045,"largo matheus da luz, 515 buritis 38775753 aragão / ce",PB
Eduarda Barros,28787661129,96.0,25/08/2038,"esplanada das neves, 53 nossa senhora de fátima 76100-740 santos / pa",AM
Sr. Pedro Miguel Ferreira,83405507895,90.0,05/05/1935,"vereda azevedo, 56 jardim dos comerciarios 60921-399 barros da praia / mt",MA
Sra. Larissa Da Cruz,27854550179,96.0,21/12/2042,"aeroporto de moraes, 61 sport club 30913-688 cardoso / ro",MG
Ana Luiza Nunes,90200597829,96.0,03/05/2047,"travessa de dias, 26 jardim guanabara 26592817 caldeira / ce",RO
Marcela Moura,36187206640,96.0,08/11/2042,"pátio ana sophia rocha, 47 nova gameleira 36082-288 rodrigues grande / ac",DF
Samuel Porto,24030491198,96.0,,,CE
Emanuelly Cunha,27678373503,96.0,07/01/2035,rua da conceição calafate 36778-704 martins / sp,SE
Maria Cecília Da Rocha,26528249335,96.0,04/04/2039,"pátio de costa, 589 jardim alvorada 07737153 silva de minas / mg",MS
Pietra Teixeira,27784233166,96.0,,,AM
Miguel Souza,43289363064,96.0,17/07/2050,"parque correia, 89 vila nossa senhora do rosário 05928-640 ferreira / ma",DF
Cecília Oliveira,76600898244,78.0,04/02/1947,"viela viana, 81 jardim montanhês 40566-413 silveira paulista / ms",CE
Caio Melo,51358396768,96.0,10/10/2041,"rua caroline lima, 207 campo alegre 69758-952 gonçalves de almeida / ac",SE
Carolina Viana,50082115639,86.0,08/02/1939,"setor lopes, 21 cdi jatoba 58922835 cardoso da praia / pb",PB
Ana Carolina Pires,48021886626,96.0,27/04/2031,"rua santos, 8 venda nova 67927069 da paz / mg",SE
Srta. Alana Da Mata,81780761436,96.0,20/09/2035,trevo emilly das neves cardoso 21598681 alves do norte / rn,SP
Carolina Santos,55849147731,96.0,11/02/2047,"vila valentina da rocha, 80 vila ecológica 23561615 da rocha das flores / ba",AM
Luiz Miguel Moraes,10366371428,78.0,24/05/1946,"passarela melo, 24 parque são pedro 05936-379 monteiro / pi",AP
Stephany Barbosa,41115494730,96.0,10/05/2046,"aeroporto duarte, 46 vila suzana primeira seção 58219-835 silva do norte / ce",AL
Pedro Campos,75524199618,101.0,26/05/1923,"praia sales, 90 bom jesus 09237652 cavalcanti / ap",PA
Dra. Alícia Duarte,94131210472,96.0,07/12/2048,"jardim de cunha, 518 colégio batista 90810-583 da cunha / se",BA
Ana Laura Da Mota,95303443198,96.0,17/02/2026,"morro emanuelly da rocha, 66 mariano de abreu 01227446 barbosa de nunes / pb",SC
Milena Araújo,59802327940,96.0,13/01/2040,"largo de cardoso, 8 são josé 57592-333 costela / ac",RJ
Matheus Fernandes,92232819785,96.0,11/09/2030,"conjunto costela, 193 são pedro 43611464 cunha / pr",CE
Beatriz Da Rosa,76439882970,96.0,16/11/2036,"aeroporto de araújo, 57 santo agostinho 85026-508 rezende do norte / mg",RS
Bruna Vieira,70624213810,104.0,03/06/1920,"ladeira de barros, 40 lagoinha 94803281 da rosa da prata / ma",GO
Lucca Pires,44164732373,96.0,26/04/2049,"vale da rocha, 942 são lucas 16104479 da rocha / to",PE
Emanuella Caldeira,79425231445,75.0,13/05/1949,"lago peixoto, 37 nossa senhora aparecida 31196-445 porto / sp",RS
Matheus Nogueira,17881760480,96.0,10/11/1902,loteamento sophie cunha vila piratininga 79715-673 silva / al,DF
Caroline Peixoto,17814589916,108.0,02/03/1917,"sítio martins, 6 providencia 07657377 silveira / al",MT
Ryan Ramos,78898058236,96.0,03/06/1900,"passarela santos, 37 jaqueline 59574-240 da luz das pedras / sc",MA
Ana Clara Souza,66092964095,96.0,23/06/2028,"feira ana sophia barbosa, 1 santo agostinho 07394142 barros paulista / sp",RO
Sr. Yago Fernandes,73264680966,96.0,06/11/2043,"colônia almeida, 41 vila jardim leblon 99809-206 cunha de duarte / sp",MS
Dra. Brenda Santos,56765508627,85.0,10/07/1939,"travessa maria alice martins, 68 bandeirantes 61431443 da conceição / pa",SC
Pedro Lucas Fernandes,64610549775,96.0,27/09/2042,"estrada jesus, 71 baleia 92060-178 da mata das pedras / ms",SC
Ana Beatriz Lima,13958229208,96.0,24/06/2049,sítio thomas jesus vila suzana primeira seção 67149645 da rocha da prata / es,PI
Nina Lima,82728392468,96.0,12/07/2048,"passarela de silveira, 365 mirante 22785939 pereira de das neves / al",SP
Vitória Duarte,45867010567,96.0,21/06/2045,"recanto azevedo, 98 ouro minas 14090437 lima / pr",BA
Camila Pinto,66453250125,96.0,11/03/2038,"morro de ribeiro, 51 solimoes 71146-880 gomes de goiás / ms",TO
Diogo Nascimento,92487704071,96.0,01/06/2049,"estrada de peixoto, 9 vila ouro minas 92606-897 souza de minas / pi",PI
João Pedro Porto,59825241801,84.0,18/10/1940,"estrada campos, 7 zilah sposito 47050-980 silveira / pr",MG
Heloísa Pires,58899146285,95.0,01/06/1929,residencial enrico campos mangueiras 58001711 da paz / rs,AL
Dra. Emilly Jesus,72236105107,97.0,13/04/1928,"jardim de da cruz, 73 marieta 1ª seção 70523-174 barros / rn",PR
João Gabriel Nascimento,56281602993,86.0,12/03/1939,"fazenda melissa farias, 73 jardim atlântico 04231-258 da cruz / ce",AL
Lorena Monteiro,16826469165,89.0,26/09/1935,"alameda de gomes, 79 vila jardim montanhes 36469-329 nunes / al",ES
Fernanda Novaes,89959367835,96.0,19/03/2041,"vale alícia monteiro, 929 olaria 31371-968 pereira do galho / al",PE
Alice Lopes,63607672841,81.0,28/07/1943,"setor da costa, 46 monte azul 02171-543 monteiro / al",RJ
Francisco Porto,75297608170,96.0,20/03/2035,morro jesus cinquentenário 76668777 melo do galho / mt,SP
Joana Moreira,28900644097,96.0,11/04/2029,"fazenda castro, 20 betânia 99818-220 sales de sales / ap",SP
Luiz Felipe Cunha,78284460777,104.0,15/12/1920,"estrada costela, 63 jardim guanabara 64003837 melo de minas / am",SP
Bruno Porto,93874563610,96.0,23/03/1904,"pátio mariane pinto, 431 são gonçalo 89358-683 santos de duarte / pr",ES
Olivia Novaes,55667314309,96.0,14/01/2033,"estação moraes, 383 marmiteiros 92239945 cardoso / al",SP
Laís Fernandes,11584201885,96.0,,,PA
Sarah Sales,46694979355,105.0,28/09/1919,rodovia de nunes serra 81422-592 freitas do sul / df,RJ
Rafaela Lima,90015573005,81.0,18/05/1943,"chácara rafael jesus, 91 marieta 2ª seção 16301851 caldeira do sul / sc",AL
Srta. Joana Dias,17036784138,98.0,02/02/1927,avenida de farias vila maria 04698055 melo da serra / df,DF
Eduardo Nunes,15542660429,95.0,25/08/1929,"estação olivia da mota, 521 bandeirantes 47925-356 da costa do galho / rj",MS
Bernardo Rezende,69841741706,85.0,16/03/1940,"viaduto arthur silveira, 421 maravilha 57851-178 cunha / pr",DF
Dr. Pedro Lucas Da Mata,23179060839,96.0,,,AP
Heitor Teixeira,87183914955,79.0,19/07/1945,"ladeira maria julia da luz, 599 vila barragem santa lúcia 24414-420 monteiro / rr",SC
Dr. Felipe Farias,52187837661,101.0,04/04/1924,"ladeira sales, 28 pongelupe 68027-068 viana da prata / go",RO
Vitória Pereira,22514209777,100.0,16/05/1924,rodovia pedro da paz nova floresta 84702-535 teixeira / pr,RJ
Ryan Rodrigues,17230976577,96.0,16/08/2028,"praça de mendes, 673 vila nova dos milionarios 81475431 campos / ro",MT
João Vitor Barros,13516050739,108.0,23/02/1917,"condomínio nascimento, 72 tupi a 96604688 rezende do oeste / es",PB
Isadora Lopes,96477894674,96.0,02/03/1904,"campo de azevedo, 9 brasil industrial 95083-152 da mata / rj",RS
Erick Oliveira,14826727163,96.0,08/09/2048,"campo de rezende, 92 maria goretti 96414-945 duarte de goiás / ce",PB
Lucas Gabriel Almeida,89249007200,96.0,21/01/2049,loteamento de costela olaria 08881443 monteiro das flores / pa,PR
Rafaela Teixeira,49324585279,96.0,17/05/2025,praça moraes vila do pombal 36305-645 martins / se,RS
Agatha Alves,53668702390,91.0,18/03/1934,"área de gonçalves, 14 mirante 65642673 costela / pr",RR
Maria Clara Silva,35329853598,87.0,06/11/1937,campo oliveira vila havaí 15202-715 carvalho / mg,PI
João Ribeiro,92139192082,96.0,09/10/2046,"alameda ana beatriz mendes, 72 mala e cuia 82741-391 oliveira de minas / rr",PE
Dr. Vitor Martins,18198954434,96.0,,,RN
Thales Rocha,24048348267,96.0,10/04/1902,"setor de viana, 75 são bernardo 28722-461 da conceição da praia / al",MT
Maria Alice Cavalcanti,66808799901,96.0,,,GO
Dr. Francisco Lopes,18098326660,83.0,04/09/1941,"trecho de porto, 90 vila são paulo 59648879 monteiro de souza / ap",MA
Isadora Monteiro,21860102308,96.0,11/08/2034,"praia araújo, 61 conjunto são francisco de assis 12305979 carvalho / rn",RO
Luiz Fernando Fernandes,94205996781,104.0,18/03/1921,"parque de costela, 62 joão alfredo 23846-451 caldeira / es",RS
Srta. Emanuelly Moreira,64480539018,96.0,01/07/2047,estrada de silva lajedo 33383-866 duarte / ma,AC
Sophia Peixoto,51807656694,88.0,15/05/1936,"passarela de gonçalves, 463 caetano furquim 02126-823 caldeira / ma",PB
Enzo Gabriel Almeida,71017884943,96.0,15/02/1900,"núcleo ana laura araújo, 73 garças 03825923 da cruz / rj",RN
Thales Moura,93580124992,96.0,11/09/2042,"rua de duarte, 53 tupi b 50187-557 da mata de goiás / ms",DF
Breno Ribeiro,94454122853,75.0,08/07/1949,"quadra costa, 785 união 06653-150 barros da serra / mt",PR
Srta. Rebeca Araújo,53250160336,96.0,10/06/1901,"condomínio de das neves, 77 vila betânia 55060-782 melo / pr",PE
Maria Sophia Novaes,19051059757,74.0,13/11/1950,"praia da paz, 921 conjunto serra verde 69166-389 campos / ma",BA
Eduardo Da Luz,46331891480,96.0,18/01/2028,"praia de carvalho, 24 vila ouro minas 38851-006 ramos de da rocha / pi",MA
Dr. Heitor Das Neves,97470263349,96.0,14/02/2036,"vale de costa, 91 chácara leonina 90515-160 barbosa / ms",AP
Srta. Emanuella Nascimento,33676973525,96.0,09/02/2047,"ladeira de lopes, 70 guaratã 69370-803 nunes / go",PB
Juan Cardoso,51354245382,84.0,23/04/1941,"viela lorenzo costa, 81 pantanal 91471-832 ribeiro de minas / ap",BA
Luiz Otávio Moreira,53976599876,96.0,13/04/2043,"travessa caio fernandes, 815 joão alfredo 59987-150 fogaça do oeste / rn",AC
Sabrina Pinto,34944165996,103.0,28/11/1921,"passarela de araújo, 1 anchieta 62156-690 melo paulista / ms",SP
Sr. Gustavo Moraes,21707714476,82.0,05/02/1943,"viela sarah barros, 85 independência 17223916 castro / rs",RJ
Miguel Farias,63537299474,96.0,06/07/1903,"largo de da cruz, 271 vila rica 40721-142 nunes / am",RR
Francisco Peixoto,68556407915,80.0,15/10/1944,"viela sabrina cunha, 23 santa branca 99115811 moreira / mg",RJ
Renan Aragão,12724917839,88.0,04/07/1936,"pátio de monteiro, 631 flamengo 76435000 ribeiro / rr",MA
Sra. Luna Moura,27415581519,96.0,07/06/2026,"viaduto da cruz, 8 maria goretti 07056512 lopes / se",AC
Igor Pires,62185239966,96.0,07/08/2037,"avenida manuela moreira, 3 coração de jesus 42530-687 silva / sc",RN
Sabrina Alves,47579480191,96.0,11/05/2036,"travessa noah melo, 40 vila real 1ª seção 09433-535 cavalcanti de pires / pb",MG
Heloísa Nogueira,71473570873,96.0,08/01/2047,"chácara bernardo rezende, 1 jatobá 95094-830 sales / pb",AC
Breno Ribeiro,42494907164,96.0,,,RN
Vinicius Cardoso,41084959376,103.0,15/05/1921,distrito pietro cardoso varzea da palma 92176-223 gomes de araújo / ce,SC
Ryan Rodrigues,57667505719,83.0,20/10/1941,avenida vinicius alves vila esplanada 66449-840 da mota de goiás / rj,MG
Alana Da Mata,35589393160,96.0,26/12/1928,"alameda de vieira, 555 canadá 87007334 azevedo / df",RN
Ana Clara Lima,72208797232,96.0,22/07/2028,"vila de cavalcanti, 94 jardim atlântico 32959-639 nogueira de castro / rn",PB
Sr. Lucca Da Rosa,42304786565,96.0,12/11/2048,"conjunto mendes, 8 bairro das indústrias ii 53723-712 porto / df",RJ
Leonardo Correia,54364911008,95.0,19/04/1930,"condomínio de rocha, 29 horto florestal 35062-785 barros / es",BA
Laís Gomes,59539186708,108.0,19/10/1916,"área maria julia nunes, 58 luxemburgo 41467-868 carvalho / rs",AL
Ana Vitória Mendes,44821058047,88.0,19/04/1937,"residencial lorena souza, 13 vila nova paraíso 32124227 monteiro do oeste / rs",PA
Joaquim Moraes,26823851047,78.0,04/03/1947,"quadra porto, 57 são tomaz 82440530 moraes da serra / pi",GO
Isabel Cardoso,52888207878,99.0,06/05/1926,"campo nicole cavalcanti, 35 alípio de melo 39858-891 cardoso / ba",AL
Sr. Danilo Moura,15798708945,96.0,24/10/2038,"fazenda correia, 403 santo andré 58764-585 cavalcanti do campo / ba",DF
Theo Ferreira,47771323548,96.0,25/06/2029,"viela de ferreira, 96 nova america 61680-177 da luz / pb",ES
Camila Novaes,73054349157,96.0,02/02/2028,"campo silveira, 8 nova granada 52256606 da costa / df",MG
Dr. João Gabriel Moraes,89350244032,91.0,07/05/1933,"estação de ramos, 98 vila jardim montanhes 56035-346 campos de costa / pb",PE
Sr. João Felipe Costela,78965567540,103.0,17/09/1921,"conjunto silveira, 7 vila suzana primeira seção 47951-700 viana / pe",PA
Isabel Azevedo,55687044008,96.0,,,AC
Manuela Ramos,83471458805,101.0,19/02/1924,"rodovia souza, 16 santa helena 28886944 ribeiro grande / pr",SP
Bianca Campos,14916049636,96.0,28/10/2035,"estação luiz miguel aragão, 35 joão alfredo 27328554 freitas / pb",AC
Davi Lucca Barbosa,30234509725,96.0,18/01/2047,"rodovia breno cardoso, 99 laranjeiras 88183661 ribeiro / go",MG
Dr. Heitor Barbosa,71973128759,95.0,19/01/1930,"estação de da conceição, 52 horto florestal 03375-043 silveira dos dourados / ma",SP
Srta. Raquel Peixoto,96614375187,101.0,01/10/1923,vale moraes vila nova gameleira 3ª seção 15323579 da conceição / ma,RR
Maria Julia Cunha,20782062853,88.0,26/03/1937,morro de dias barreiro 72316062 fogaça alegre / es,MG
Francisco Almeida,65341979961,79.0,14/07/1945,"estação da cruz, 27 santa isabel 34772-261 da mata / mg",TO
Mirella Barros,11009297781,96.0,05/02/2033,"lagoa eduardo da luz, 912 acaba mundo 27379-155 araújo / ro",PE
Sofia Da Cunha,12100528210,96.0,26/01/2045,"chácara de pereira, 712 monte são josé 35816-135 da mata / rj",SE
Srta. Nicole Cunha,11925385644,96.0,03/08/2035,pátio de nogueira marieta 2ª seção 93603-422 dias / pi,PE
Benjamin Teixeira,11846543806,96.0,,,RJ
Enzo Ferreira,37403381000,96.0,,,RR
Maria Sophia Martins,94158131241,96.0,03/01/2040,"lago lavínia cardoso, 934 jardim atlântico 35612-230 ribeiro / df",RN
Maitê Ramos,53757451226,98.0,15/04/1927,"alameda gonçalves, 26 são jorge 1ª seção 20179-224 correia verde / mt",SP
Luigi Santos,63628135572,96.0,,,DF
Melissa Da Costa,72648103337,105.0,17/07/1919,"travessa almeida, 3 aarão reis 98207986 mendes de minas / am",AL
Miguel Ribeiro,75610055453,93.0,17/03/1932,"núcleo de azevedo, 72 providencia 46100764 rezende do campo / to",TO
Sabrina Freitas,94880397012,96.0,02/05/2028,"passarela costa, 162 esperança 63446508 costa / ma",AL
Breno Souza,60407989628,97.0,08/07/1927,"recanto de correia, 79 vila da paz 85817736 silva / ba",AL
Helena Alves,52612727489,96.0,05/11/2026,"sítio de caldeira, 4 virgínia 45748-803 souza / pr",SE
Dr. Danilo Da Conceição,12814264186,96.0,,,BA
Luigi Almeida,36100383482,96.0,22/08/2046,loteamento oliveira graça 43418-416 correia / se,BA
Ana Das Neves,59876354569,107.0,11/09/1917,passarela ferreira vila pinho 93375-280 farias / pb,AC
Eduarda Oliveira,72215519934,96.0,28/10/2049,"praça thales da conceição, 81 são francisco 22658154 das neves alegre / ba",MG
Murilo Almeida,81705865654,91.0,15/11/1933,"feira campos, 737 caiçaras 90349193 santos / sp",RO
Luigi Da Luz,71234889634,98.0,24/07/1926,"loteamento viana, 76 tirol 59707792 aragão / mg",PR
Sr. Guilherme Moura,15842800016,81.0,08/07/1943,"viaduto ana vitória alves, 11 etelvina carneiro 27646807 vieira / pe",AP
Enrico Da Mota,76646891183,96.0,06/02/2043,"recanto marina da paz, 87 chácara leonina 34342-873 lima / rj",RR
Rafael Fogaça,43944408840,96.0,,,ES
Samuel Ribeiro,16509994308,83.0,07/07/1941,"jardim bruno da rocha, 58 conjunto califórnia i 21789-391 carvalho / mg",RS
Lívia Cardoso,61615432928,96.0,08/06/2040,"núcleo de farias, 36 marilandia 47404749 porto de minas / mg",AL
Maysa Castro,83302416965,96.0,,,SC
Elisa Aragão,40978090787,78.0,17/09/1946,residencial de melo minaslandia 24478-887 cardoso das pedras / pe,AL
Thiago Silva,90309023720,96.0,08/07/2044,"avenida costa, 91 xangri-lá 35301893 das neves / es",PA
Lucas Gabriel Peixoto,81503027522,96.0,16/06/2026,"distrito augusto rezende, 47 são joão 48094-171 melo / rn",RJ
Dra. Marina Da Luz,42962606688,96.0,15/08/2036,"estação maysa cardoso, 238 vila são dimas 39182864 almeida do norte / pb",MS
Isaac Pinto,22055580161,96.0,05/09/2038,"viela da luz, 82 santa monica 91766197 da cruz / sc",MS
Cecília Da Costa,27835576622,96.0,18/12/2044,"residencial breno aragão, 52 das industrias i 21125510 melo / rs",RN
Isabella Oliveira,47459104792,96.0,16/09/2050,"passarela de costa, 8 inconfidência 77790-830 carvalho / ce",RN
Marina Ribeiro,53001348480,96.0,09/09/2030,"passarela pedro henrique alves, 58 santa branca 78069447 ribeiro / go",RS
Mirella Freitas,49156604015,96.0,03/06/2028,"campo ana júlia souza, 10 conjunto califórnia i 91566670 lopes / ce",MS
Isadora Novaes,76188975667,89.0,19/08/1935,"núcleo vieira, 50 vila betânia 00101-433 gonçalves / al",SP
Murilo Pires,98473726715,96.0,16/09/2029,"lago de almeida, 12 renascença 78633240 fogaça / pb",SC
Amanda Freitas,93919830229,96.0,10/08/1928,"pátio cardoso, 9 esperança 93537358 santos de correia / es",PR
Carolina Vieira,62203480363,88.0,05/12/1936,quadra yago ramos grajaú 19583-279 pires / se,RR
Vitória Moraes,36047187786,108.0,01/04/1917,"campo maysa correia, 681 providencia 15727377 almeida / rr",RJ
Srta. Emanuelly Oliveira,60057355468,96.0,16/07/2031,"aeroporto vicente moura, 40 acaba mundo 61971110 pereira dos dourados / pa",TO
Vicente Mendes,92976330485,101.0,21/11/1923,condomínio pinto barão homem de melo 2ª seção 63494218 moraes paulista / df,SC
Dr. Carlos Eduardo Ramos,39745395970,96.0,,,AC
Dra. Ana Luiza Da Mata,40111401399,81.0,07/02/1944,"distrito de farias, 6 independência 64907046 pires / pb",MS
Ryan Souza,57823412365,87.0,26/03/1938,conjunto farias padre eustáquio 60827821 porto do campo / pa,PI
Maria Eduarda Martins,84622452694,96.0,,,AM
Melissa Da Rosa,65704292767,91.0,16/05/1933,"viela de duarte, 19 mariquinhas 28053-903 azevedo da praia / ms",BA
